販売員納品ID,販売員,税率,ノルマ対象金額,ノルマ対象外金額,消費税額,合計金額（税抜）,合計金額（税込）,備考,納品書連番,納品書ファイルパス,納品日,請求日,編集不可フラグ,削除フラグ
988ae2df,24,1,22200,0,2220,22200,24420,,,,2025/01/20,2025/01/20,TRUE,FALSE
80c6256f,1,1,591000,119500,71050,710500,781550,,,,2025/01/20,2025/01/20,TRUE,FALSE
a258b173,2,1,61200,0,6120,61200,67320,,,,2025/01/20,2025/01/20,TRUE,FALSE
b599688e,10,1,60400,13000,7340,73400,80740,,,,2025/01/20,2025/01/20,TRUE,FALSE
c6b6e1eb,7,1,88200,31000,11920,119200,131120,,,,2025/01/20,2025/01/20,TRUE,FALSE
09bda6bc,18,1,42800,0,4280,42800,47080,,,,2025/01/20,2025/01/20,TRUE,FALSE
15279a67,11,1,42700,9500,5220,52200,57420,,,,2025/01/20,2025/01/20,TRUE,FALSE
4a32d264,8,1,261000,35500,29650,296500,326150,,,,2025/01/20,2025/01/20,TRUE,FALSE
f60c1e0c,9,1,121600,6000,12760,127600,140360,,,,2025/01/20,2025/01/20,TRUE,FALSE
a5a1e619,12,1,152000,22000,17400,174000,191400,,,,2025/01/20,2025/01/20,TRUE,FALSE
287549ca,20,1,51400,0,5140,51400,56540,,,,2025/01/20,2025/01/20,TRUE,FALSE
4bdc6ebe,13,1,25000,0,2500,25000,27500,,,,2025/01/20,2025/01/20,TRUE,FALSE
5278a9fa,21,1,61000,0,6100,61000,67100,,,,2025/01/20,2025/01/20,TRUE,FALSE
7c50db91,22,1,201800,7000,20880,208800,229680,,,,2025/01/20,2025/01/20,TRUE,FALSE
40e8f9a8,19,1,144400,26500,17090,170900,187990,,,,2025/01/20,2025/01/20,TRUE,FALSE
ac38df8d,23,1,126400,19000,14540,145400,159940,,,,2025/01/20,2025/01/20,TRUE,FALSE
8f696e27,1,1,1006500,64000,107050,1070500,1177550,,,,2025/02/20,2025/02/20,TRUE,FALSE
c9ecd7c5,2,1,45000,0,4500,45000,49500,,,,2025/02/20,2025/02/20,TRUE,FALSE
40ae6f72,7,1,621400,91500,71290,712900,784190,,,,2025/02/20,2025/02/20,TRUE,FALSE
00083d68,8,1,234900,6500,24140,241400,265540,,,,2025/02/20,2025/02/20,TRUE,FALSE
8ae91bb1,9,1,66900,0,6690,66900,73590,,,,2025/02/20,2025/02/20,TRUE,FALSE
253ea2dd,12,1,314900,35000,34990,349900,384890,,,,2025/02/20,2025/02/20,TRUE,FALSE
59ebdfd1,15,1,103700,11500,11520,115200,126720,,,,2025/02/20,2025/02/20,TRUE,FALSE
b5b0f7cd,20,1,51700,0,5170,51700,56870,,,,2025/02/20,2025/02/20,TRUE,FALSE
2fff7dd7,19,1,138000,18000,15600,156000,171600,,,,2025/02/20,2025/02/20,TRUE,FALSE
5d4b824d,22,1,118200,9000,12720,127200,139920,,,,2025/02/20,2025/02/20,TRUE,FALSE
80ea1610,24,1,42700,0,4270,42700,46970,,,,2025/02/20,2025/02/20,TRUE,FALSE
35e46b8b,23,1,168300,25500,19380,193800,213180,,,,2025/02/20,2025/02/20,TRUE,FALSE
05d28d8d,25,1,25400,0,2540,25400,27940,,,,2025/02/20,2025/02/20,TRUE,FALSE
b98c8ff1,11,1,8500,0,850,8500,9350,,,,2025/02/20,2025/02/20,TRUE,FALSE
2daf4595,26,1,103700,11500,11520,115200,126720,,,,2025/02/20,2025/02/20,TRUE,FALSE
096a05d6,21,1,76700,8500,8520,85200,93720,,,,2025/02/20,2025/02/20,TRUE,FALSE
fecb4377,5,1,48000,12000,6000,60000,66000,,,,2025/02/20,2025/02/20,TRUE,FALSE
67eee23a,5,1,0,0,0,0,0,,,,2025/02/26,2025/03/20,TRUE,TRUE
b1a43c8b,1,1,594000,204000,79800,798000,877800,,2,/appsheet/data/データ管理-458050487/販売員納品書/b1a43c8b-2.pdf,2025/03/20,2025/03/20,TRUE,FALSE
255d3dc5,3,1,15600,6000,2160,21600,23760,,,,2025/03/20,2025/03/20,TRUE,FALSE
1a7049c4,2,1,202200,20000,22220,222200,244420,,,,2025/03/20,2025/03/20,TRUE,FALSE
c5708812,7,1,424100,66500,49060,490600,539660,,,,2025/03/20,2025/03/20,TRUE,FALSE
a3efb151,8,1,212600,49500,26210,262100,288310,,1,/appsheet/data/データ管理-458050487/販売員納品書/a3efb151-1.pdf,2025/03/20,2025/03/20,TRUE,FALSE
3f2b8a3a,12,1,227500,14000,24150,241500,265650,,,,2025/03/20,2025/03/20,TRUE,FALSE
c83c4712,5,1,50000,0,5000,50000,55000,,,,2025/03/20,2025/03/20,TRUE,FALSE
460dd92c,11,1,61200,6500,6770,67700,74470,,,,2025/03/20,2025/03/20,TRUE,FALSE
4793898d,9,1,107100,7000,11410,114100,125510,,,,2025/03/20,2025/03/20,TRUE,FALSE
07de8a84,16,1,46600,3000,4960,49600,54560,,,,2025/03/20,2025/03/20,TRUE,FALSE
ca219c82,17,1,42000,0,4200,42000,46200,,,,2025/03/20,2025/03/20,TRUE,FALSE
f721f40d,19,1,225600,27500,25310,253100,278410,,,,2025/03/20,2025/03/20,TRUE,FALSE
2329debc,21,1,88900,9500,9840,98400,108240,,,,2025/03/20,2025/03/20,TRUE,FALSE
7b19e668,22,1,200600,6500,20710,207100,227810,,,,2025/03/20,2025/03/20,TRUE,FALSE
52a4e29a,13,1,47000,0,4700,47000,51700,,,,2025/03/20,2025/03/20,TRUE,FALSE
6cd4b03a,23,1,61400,3500,6490,64900,71390,,,,2025/03/20,2025/03/20,TRUE,FALSE
49970376,26,1,47800,0,4780,47800,52580,,,,2025/03/20,2025/03/20,TRUE,FALSE
e34b53b8,15,1,45200,0,4520,45200,49720,,,,2025/03/20,2025/03/20,TRUE,FALSE
94756cf5,5,1,96000,3000,9900,99000,108900,,,,2025/04/02,2025/04/20,TRUE,FALSE
17f2f4b4,25,1,54200,3000,5720,57200,62920,,,,2025/04/20,2025/04/20,TRUE,FALSE
7e9934f4,1,1,0,0,0,0,0,,,,2025/04/23,2025/05/20,TRUE,TRUE
4417ebf0,2,1,0,0,0,0,0,,,,2025/04/20,2025/04/20,TRUE,TRUE
2a35f970,22,1,159400,28000,18740,187400,206140,,,,2025/04/20,2025/04/20,TRUE,FALSE
cba72ae2,1,1,693000,102000,79500,795000,874500,,,,2025/04/20,2025/04/20,TRUE,FALSE
107f2779,2,1,42000,0,4200,42000,46200,,,,2025/04/20,2025/04/20,TRUE,FALSE
5ab68104,7,1,451000,18200,46920,469200,516120,,,,2025/04/20,2025/04/20,TRUE,FALSE
7656341d,8,1,245900,19000,26490,264900,291390,,,,2025/04/20,2025/04/20,TRUE,FALSE
87315fab,12,1,207100,29500,23660,236600,260260,,,,2025/04/20,2025/04/20,TRUE,FALSE
fe0034fc,9,1,132400,16000,14840,148400,163240,,,,2025/04/20,2025/04/20,TRUE,FALSE
f0472d78,11,1,43400,6000,4940,49400,54340,,,,2025/04/20,2025/04/20,TRUE,FALSE
de1d79f4,18,1,42800,0,4280,42800,47080,,,,2025/04/20,2025/04/20,TRUE,FALSE
139d0252,13,1,32000,0,3200,32000,35200,,,,2025/04/20,2025/04/20,TRUE,FALSE
be512870,20,1,49900,0,4990,49900,54890,,,,2025/04/20,2025/04/20,TRUE,FALSE
b53bca25,19,1,59400,25000,8440,84400,92840,,,,2025/04/20,2025/04/20,TRUE,FALSE
7c2db5eb,21,1,82000,12000,9400,94000,103400,,,,2025/04/20,2025/04/20,TRUE,FALSE
3f106534,23,1,84400,32500,11690,116900,128590,,,,2025/04/20,2025/04/20,TRUE,FALSE
58999f65,1,1,0,0,0,0,0,,,,2025/05/15,2025/05/20,TRUE,TRUE
40191ff2,1,1,0,0,0,0,0,,,,2025/05/01,2025/05/20,TRUE,TRUE
b8762130,1,1,0,0,0,0,0,,,,2025/05/01,2025/05/20,TRUE,TRUE
e47a36ac,1,1,0,0,0,0,0,,,,2025/05/01,2025/05/20,TRUE,TRUE
cffa2b0f,24,1,64200,12000,7620,76200,83820,,,,2025/04/20,2025/04/20,TRUE,FALSE
7a7f1169,27,1,44600,0,4460,44600,49060,,,,2025/04/20,2025/04/20,TRUE,FALSE
8c73951e,26,1,60000,9000,6900,69000,75900,,,,2025/04/20,2025/04/20,TRUE,FALSE
e79f136e,11,1,18000,3000,2100,21000,23100,,,,2025/05/07,2025/05/20,TRUE,FALSE
10eed52c,11,1,6600,0,660,6600,7260,,,,2025/05/19,2025/05/20,TRUE,FALSE
2e70cbb9,1,1,660000,114500,77450,774500,851950,,,,2025/05/20,2025/05/20,TRUE,FALSE
aadf95c7,11,1,3000,3000,600,6000,6600,,,,2025/04/25,2025/05/20,TRUE,FALSE
64dbafc5,2,1,42000,0,4200,42000,46200,,,,2025/05/20,2025/05/20,TRUE,FALSE
7effd3ac,26,1,42600,11000,5360,53600,58960,,,,2025/05/20,2025/05/20,TRUE,FALSE
ffa9b970,22,1,216600,26000,24260,242600,266860,,,,2025/05/20,2025/05/20,TRUE,FALSE
893cafd6,24,1,46200,6000,5220,52200,57420,,,,2025/05/20,2025/05/20,TRUE,FALSE
2dc2ae2b,23,1,122600,6000,12860,128600,141460,,,,2025/05/20,2025/05/20,TRUE,FALSE
8517dec2,7,1,401300,110000,51130,511300,562430,,,,2025/05/20,2025/05/20,TRUE,FALSE
6dad2321,8,1,273300,31000,30430,304300,334730,,,,2025/05/20,2025/05/20,TRUE,FALSE
b3e2fb3e,12,1,224100,21000,24510,245100,269610,,,,2025/05/20,2025/05/20,TRUE,FALSE
1fcaadd2,9,1,88000,0,8800,88000,96800,,,,2025/05/20,2025/05/20,TRUE,FALSE
35e1517e,19,1,91400,16000,10740,107400,118140,,,,2025/05/20,2025/05/20,TRUE,FALSE
59e40cc3,21,1,67000,5000,7200,72000,79200,,,,2025/05/20,2025/05/20,TRUE,FALSE
f70e7dfd,28,1,98200,3000,10120,101200,111320,,,,2025/05/20,2025/05/20,TRUE,FALSE
1229bc13,10,1,0,0,0,0,0,,,,2025/05/23,2025/06/20,TRUE,TRUE
2c7345d1,10,1,42600,0,4260,42600,46860,,,,2025/05/20,2025/05/20,TRUE,FALSE
6fce035e,1,1,705000,120700,82570,825700,908270,,,,2025/06/20,2025/06/20,TRUE,FALSE
5d4a408c,7,1,446400,8000,45440,454400,499840,,,,2025/06/20,2025/06/20,TRUE,FALSE
33eeb865,3,1,23600,6000,2960,29600,32560,,,,2025/06/20,2025/06/20,TRUE,FALSE
35540791,2,1,42400,0,4240,42400,46640,,,,2025/06/20,2025/06/20,TRUE,FALSE
566c4988,9,1,118600,6000,12460,124600,137060,,,,2025/06/20,2025/06/20,TRUE,FALSE
cb9eb83b,18,1,42200,3000,4520,45200,49720,,,,2025/06/20,2025/06/20,TRUE,FALSE
b3af7490,17,1,44000,0,4400,44000,48400,,1,/appsheet/data/データ管理-458050487/販売員納品書/b3af7490-1.pdf,2025/06/20,2025/06/20,TRUE,FALSE
609ce80d,8,1,222900,3000,22590,225900,248490,,,,2025/06/20,2025/06/20,TRUE,FALSE
bc62c631,12,1,222700,27500,25020,250200,275220,,1,/appsheet/data/データ管理-458050487/販売員納品書/bc62c631-1.pdf,2025/06/20,2025/06/20,TRUE,FALSE
69979e7a,11,1,42000,12000,5400,54000,59400,,,,2025/06/20,2025/06/20,TRUE,FALSE
661ca143,20,1,66200,5000,7120,71200,78320,,,,2025/06/20,2025/06/20,TRUE,FALSE
f74c578f,26,1,51800,3500,5530,55300,60830,,,,2025/06/20,2025/06/20,TRUE,FALSE
7916bc63,19,1,283200,41000,32420,324200,356620,,,,2025/06/20,2025/06/20,TRUE,FALSE
a4ac2217,22,1,234600,20000,25460,254600,280060,,,,2025/06/20,2025/06/20,TRUE,FALSE
24770753,24,1,59400,0,5940,59400,65340,,,,2025/06/20,2025/06/20,TRUE,FALSE
83f8a08f,28,1,107600,3000,11060,110600,121660,,,,2025/06/20,2025/06/20,TRUE,FALSE
a19e66e9,23,1,137600,12000,14960,149600,164560,,,,2025/06/20,2025/06/20,TRUE,FALSE
7dffc83c,25,1,63200,12500,7570,75700,83270,,,,2025/06/20,2025/06/20,TRUE,FALSE
500b2392,27,1,42000,0,4200,42000,46200,,,,2025/06/20,2025/06/20,TRUE,FALSE
f6942230,1,1,618000,91000,70900,709000,779900,,,,2025/07/20,2025/07/20,TRUE,FALSE
2a5b3556,2,1,42000,0,4200,42000,46200,,,,2025/07/20,2025/07/20,TRUE,FALSE
66d9d653,7,1,435600,44000,47960,479600,527560,,,,2025/07/20,2025/07/20,TRUE,FALSE
3a9fa79d,8,1,200100,29000,22910,229100,252010,"預り金95,190円ございます。
実際には81,217円のご入金お願い致します。",,,2025/07/20,2025/07/20,TRUE,FALSE
cb14a21a,12,1,425200,54500,47970,479700,527670,"こちらから30%offで、369,369円になります。預り金133,870円ございますので、235,499円のご入金になります。",1,/appsheet/data/データ管理-458050487/販売員納品書/cb14a21a-1.pdf,2025/07/20,2025/07/20,TRUE,FALSE
5abf02ce,10,1,43200,3000,4620,46200,50820,,,,2025/07/20,2025/07/20,TRUE,FALSE
060d5a84,18,1,42000,0,4200,42000,46200,,,,2025/07/20,2025/07/20,TRUE,FALSE
555e703a,11,1,42200,5000,4720,47200,51920,,,,2025/07/20,2025/07/20,TRUE,FALSE
f9e7fae1,21,1,76300,11000,8730,87300,96030,,,,2025/07/20,2025/07/20,TRUE,FALSE
cd4cb51b,19,1,46400,0,4640,46400,51040,,,,2025/07/20,2025/07/20,TRUE,FALSE
8fd5de65,22,1,163000,15500,17850,178500,196350,,,,2025/07/20,2025/07/20,TRUE,FALSE
75c993e5,24,1,44400,6000,5040,50400,55440,,,,2025/07/20,2025/07/20,TRUE,FALSE
a1072e64,23,1,73700,7000,8070,80700,88770,,,,2025/07/20,2025/07/20,TRUE,FALSE
51a09228,26,1,7800,5000,1280,12800,14080,,,,2025/07/20,2025/07/20,TRUE,FALSE
bdf358a7,28,1,49800,9500,5930,59300,65230,,,,2025/07/20,2025/07/20,TRUE,FALSE
9f0ae02f,9,1,45000,0,4500,45000,49500,,,,2025/07/20,2025/07/20,TRUE,FALSE
38b23a6d,3,1,6000,0,600,6000,6600,,,,2025/07/20,2025/07/20,TRUE,FALSE
d95e2ccc,1,1,0,0,0,0,0,,,,2025/08/17,2025/08/20,TRUE,TRUE
36cb9fcb,1,1,0,0,0,0,0,,,,2025/08/20,2025/08/20,TRUE,TRUE
3128d77c,1,1,6000,0,600,6000,6600,,,,2025/08/20,2025/08/20,TRUE,TRUE
00ca0ec7,1,1,6000,0,600,6000,6600,,,,2025/08/20,2025/08/20,TRUE,TRUE
b854ab48,1,1,2400,0,240,2400,2640,,,,2025/08/20,2025/08/20,TRUE,TRUE
d0dc3243,1,1,0,17500,1750,17500,19250,,,,2025/08/20,2025/08/20,TRUE,TRUE
6a112d7d,23,1,58900,3000,6190,61900,68090,,,,2025/08/20,2025/08/20,TRUE,FALSE
22d45586,2,1,203000,51000,25400,254000,279400,,,,2025/08/20,2025/08/20,TRUE,FALSE
f16a44d8,8,1,267200,52500,31970,319700,351670,,1,/appsheet/data/データ管理_test-458050487-25-04-25/販売員納品書/f16a44d8-1.pdf,2025/08/20,2025/08/20,TRUE,FALSE
fa3d36f7,12,1,454000,71000,52500,525000,577500,,,,2025/08/20,2025/08/20,TRUE,FALSE
7400ad6b,7,1,781200,125000,90620,906200,996820,,,,2025/08/20,2025/08/20,TRUE,FALSE
fff2d137,10,1,61200,0,6120,61200,67320,,,,2025/08/20,2025/08/20,TRUE,FALSE
eb05f5c2,11,1,42200,6000,4820,48200,53020,,,,2025/08/20,2025/08/20,TRUE,FALSE
42825eb8,19,1,233400,40000,27340,273400,300740,,,,2025/08/20,2025/08/20,TRUE,FALSE
224b1e6b,22,1,371900,44500,41640,416400,458040,,,,2025/08/20,2025/08/20,TRUE,FALSE
b4e8989d,21,1,69300,12000,8130,81300,89430,,,,2025/08/20,2025/08/20,TRUE,FALSE
674e97ae,25,1,74600,9500,8410,84100,92510,,,,2025/08/20,2025/08/20,TRUE,FALSE
499df8aa,24,1,135600,68500,20410,204100,224510,,,,2025/08/20,2025/08/20,TRUE,FALSE
89ab5077,28,1,95300,16500,11180,111800,122980,,,,2025/08/20,2025/08/20,TRUE,FALSE
32481649,29,1,102600,6000,10860,108600,119460,,,,2025/08/20,2025/08/20,TRUE,FALSE
f90b112b,17,1,48000,12500,6050,60500,66550,,,,2025/08/20,2025/08/20,TRUE,FALSE
3dce66a8,1,1,842700,103000,94570,945700,1040270,,,,2025/08/20,2025/08/20,TRUE,FALSE
493c3ff9,9,1,80500,13000,9350,93500,102850,,,,2025/08/20,2025/08/20,TRUE,FALSE
d0d53a52,29,1,43100,6000,4910,49100,54010,,,,2025/09/18,2025/09/20,TRUE,FALSE
ee8040ed-0e27-414b-8962-e00ac33e511a,12,1,15000,0,1500,15000,16500,,,,2025/08/23,2025/09/20,TRUE,FALSE
f6d934d3-20a8-40cd-babe-373175f4396b,22,1,135000,9000,14400,144000,158400,,,,2025/08/21,2025/09/20,TRUE,FALSE
eed55d95-6d1d-445d-b3f6-f3b8db13bc1d,17,1,42500,15000,5750,57500,63250,,,,2025/09/19,2025/09/20,TRUE,FALSE
9037cf52-95f4-4f3e-85fa-19f30f8cb3e3,22,1,3000,0,300,3000,3300,,,,2025/09/08,2025/09/20,TRUE,FALSE
1bd1951a-a8ce-4ed4-997d-605177cae30d,8,1,11100,0,1110,11100,12210,,,,2025/09/18,2025/09/20,TRUE,FALSE
d3a80c87-455d-4841-9763-3c85f9278001,28,1,27000,0,2700,27000,29700,,,,2025/08/25,2025/09/20,TRUE,FALSE
23a8dc19-fa79-492d-b0b7-01734d5dcdb6,29,1,6600,0,660,6600,7260,,,,2025/09/18,2025/09/20,TRUE,FALSE
83999c63-4078-4242-b41a-47bdc71ca454,22,1,34200,3000,3720,37200,40920,,,,2025/09/07,2025/09/20,TRUE,FALSE
2d561b73-15aa-45fa-859c-a466b205ea97,9,1,25000,0,2500,25000,27500,,,,2025/08/27,2025/09/20,TRUE,FALSE
23de0538-c0f0-4039-893d-9c4d4adac8f4,8,1,198000,5000,20300,203000,223300,,,,2025/08/23,2025/09/20,TRUE,FALSE
61762da6-9624-451a-b291-59374bc50b7b,21,1,31200,0,3120,31200,34320,,,,2025/08/26,2025/09/20,TRUE,FALSE
329190fe-760e-4421-b86c-de5b3933be8e,1,1,0,0,0,0,0,,,,2025/09/04,2025/09/20,TRUE,TRUE
8dc46a31-2eb6-47dd-baa9-1347c2e1190a,19,1,57200,0,5720,57200,62920,,,,2025/08/31,2025/09/20,TRUE,FALSE
ec871410-13ae-48cf-88d5-6f36ad02468e,24,1,34200,6000,4020,40200,44220,,,,2025/09/08,2025/09/20,TRUE,FALSE
a78dbb29-de89-49c8-b31e-5ee0dd86decf,1,1,0,0,0,0,0,,1,/appsheet/data/データ管理_test-458050487-25-04-25/販売員納品書/a78dbb29-de89-49c8-b31e-5ee0dd86decf-1.pdf,2025/08/23,2025/09/20,TRUE,TRUE
b20ac73d-d0c4-4a54-b37d-e8f3d0001d5c,24,1,36000,0,3600,36000,39600,,,,2025/08/23,2025/09/20,TRUE,FALSE
c79e79e0-72c6-4900-8b09-4625f629f87b,1,1,0,0,0,0,0,,,,2025/08/23,2025/09/20,TRUE,TRUE
cc887886-a36c-4210-90cf-65e632e1e673,8,1,3000,15000,1800,18000,19800,,,,2025/08/23,2025/09/20,TRUE,FALSE
2edbde04-841f-451b-947a-9b17a2d88906,28,1,42000,0,4200,42000,46200,,,,2025/09/10,2025/09/20,TRUE,FALSE
29aca9fd-3123-4d43-93cd-62d6bc1d7f10,2,1,43200,0,4320,43200,47520,,,,2025/09/18,2025/09/20,TRUE,FALSE
402a2ba0-1b24-4d75-ba7a-35466f367351,12,1,43200,0,4320,43200,47520,,,,2025/08/22,2025/09/20,TRUE,FALSE
156886fa-102c-42c8-8b9f-a6e219842bee,18,1,42800,0,4280,42800,47080,,,,2025/08/02,2025/08/20,TRUE,FALSE
ab0fd77c-0285-4320-8ec2-6019b25f2fd8,9,1,89400,7000,9640,96400,106040,,,,2025/08/27,2025/09/20,TRUE,FALSE
ba6747c3-3b07-4c35-989f-943034dd4af8,22,1,25200,0,2520,25200,27720,,,,2025/09/14,2025/09/20,TRUE,FALSE
8cfd8dd5-cd8a-41a4-9277-d8a0952495cd,12,1,200400,12000,21240,212400,233640,,,,2025/08/23,2025/09/20,TRUE,FALSE
0cd84653-72a3-43ee-8982-399063687116,28,1,36600,3500,4010,40100,44110,,,,2025/09/02,2025/09/20,TRUE,FALSE
641a1514-d95e-449b-89e7-66988691f30d,21,1,0,0,0,0,0,,,,2025/09/30,2025/10/20,TRUE,FALSE
b4829478-6a72-435c-8070-13e53ef0be7a,22,1,3000,0,300,3000,3300,,,,2025/08/21,2025/09/20,TRUE,FALSE
3ca039f2-9de5-4065-b564-8059782e615c,22,1,34500,9000,4350,43500,47850,,,,2025/08/28,2025/09/20,TRUE,FALSE
0836c14a-89a8-41db-8f3a-fb2c7a9ba5ed,9,1,18000,3000,2100,21000,23100,,,,2025/09/07,2025/09/20,TRUE,FALSE
f79f6bb7-cfd7-43a0-9167-dbfcc7ef24d3,12,1,"185,000","45,000","23,000","230,000","253,000",,,,2025/08/23,2025/09/20,TRUE,FALSE
22e5145b-eca3-4f66-8c57-6f320b349dfb,7,1,0,0,0,0,0,,,,2025/08/27,2025/09/20,TRUE,TRUE
f2ce1376-40c8-423e-adee-ef98eba4d27e,28,1,"10,500","6,000","1,650","16,500","18,150",,,,2025/09/15,2025/09/20,TRUE,FALSE
d09db9a6-0a7e-4e43-b863-7890fa821e8c,11,1,"42,200","6,000","4,820","48,200","53,020",,,,2025/09/18,2025/09/20,TRUE,FALSE
3654fff8-c683-4320-bd94-8c8097292190,28,1,"30,000",0,"3,000","30,000","33,000",,,,2025/09/19,2025/09/20,TRUE,FALSE
099991f6-5efb-450e-8b97-47c63a830044,7,1,0,0,0,0,0,,,,2025/09/10,2025/09/20,TRUE,TRUE
309316d8-6a56-49d5-930f-7641afec158e,24,1,"14,400",0,"1,440","14,400","15,840",,,,2025/08/22,2025/09/20,TRUE,FALSE
2b74324a-cd4a-4d8e-bb88-bf9306d5e0a4,7,1,0,0,0,0,0,,,,2025/09/19,2025/09/20,TRUE,TRUE
c3eb6df2-364a-411b-9ddc-f8da4c17dbd2,21,1,0,0,0,0,0,,,,2025/08/30,2025/09/20,TRUE,TRUE
ca3c549e-bdda-4b50-85ce-95432de60305,29,1,"33,500","6,000","3,950","39,500","43,450",,,,2025/08/28,2025/09/20,TRUE,FALSE
91b40baf-58c1-4c83-bd54-cb32947aeb07,22,1,"30,000",0,"3,000","30,000","33,000",,,,2025/09/03,2025/09/20,TRUE,FALSE
49bfa7f6,28,1,"12,000",7000,1900,"19,000","20,900",,,,2025/09/15,2025/09/20,TRUE,FALSE
ac0e9665,21,1,0,0,0,0,0,,,,2025/09/20,2025/09/20,TRUE,TRUE
5deabfbd,21,1,0,0,0,0,0,,,,2025/09/19,2025/09/20,TRUE,TRUE
c88a2002,6,1,0,0,0,0,0,,,,2025/09/20,2025/09/20,TRUE,TRUE
1b59aa07,31,1,"48,000",5000,"5,300","53,000","58,300",,,,2025/09/20,2025/09/20,TRUE,FALSE
4ec7ae32,7,1,"461,400",18000,"47,940","479,400","527,340",,,,2025/09/20,2025/09/20,TRUE,FALSE
4ca387df,21,1,"12,200",0,1220,"12,200","13,420",,,,2025/09/20,2025/09/20,TRUE,FALSE
4c54eed1,21,1,"11,400","3,000","1,440","14,400","15,840",,,,2025/08/30,2025/09/20,TRUE,FALSE
16176f3e,1,1,0,0,0,0,0,,,,2025/08/23,2025/09/20,TRUE,TRUE
92833db1,1,1,0,0,0,0,0,,,,2025/09/23,2025/10/20,TRUE,TRUE
e38a2043,1,1,735000,67000,80200,802000,882200,,,,2025/09/20,2025/09/20,TRUE,FALSE
2d94a754,32,1,42000,3000,4500,45000,49500,,,,2025/09/20,2025/09/20,TRUE,FALSE
79427b88-2689-4e14-a172-9d275dd7545f,21,1,22200,3000,2520,25200,27720,,,,2025/09/21,2025/10/20,TRUE,FALSE
231d402a-5978-4ecc-a1a5-9d9aacda1b6d,24,1,61500,10500,7200,72000,79200,,,,2025/09/21,2025/10/20,TRUE,FALSE
a3ae91e2-9541-4394-9cc9-aa8353ee3dc1,8,1,10000,0,1000,10000,11000,,,,2025/09/22,2025/10/20,TRUE,FALSE
7c64803a-38a4-4c4f-91ec-284c4b61ba76,33,1,28200,5000,3320,33200,36520,,,,2025/09/26,2025/10/20,TRUE,FALSE
f4f87a81-67d9-4b44-b70e-da19e5e35139,1,1,18000,0,1800,18000,19800,,,,2025/09/28,2025/10/20,TRUE,FALSE
a60c1f8c-4494-48e9-92aa-8059a8475685,1,1,36000,0,3600,36000,39600,,,,2025/09/28,2025/10/20,TRUE,FALSE
db91352d-cc03-4bb1-9adb-99b423aa2811,24,1,19900,5000,2490,24900,27390,,,,2025/10/01,2025/10/20,TRUE,FALSE
97d01b3c-60f7-496b-9191-43b5cab24b89,34,1,10000,0,1000,10000,11000,,,,2025/10/03,2025/10/20,TRUE,FALSE
91da90e1-7298-40f2-bf12-1f710d882d7d,22,1,2500,0,250,2500,2750,,,,2025/10/08,2025/10/20,TRUE,FALSE
93bf2eb8-171a-4df4-9023-75535c0dec0d,19,1,45400,19000,6440,64400,70840,,,,2025/10/17,2025/10/20,TRUE,FALSE
182b951f-5cc6-4713-87cc-cedff50963cd,19,1,90000,9000,9900,99000,108900,,,,2025/09/21,2025/10/20,TRUE,FALSE
45457212-2aee-42f6-aef5-523c497dbcb3,8,1,221000,18000,23900,239000,262900,,,,2025/09/22,2025/10/20,TRUE,FALSE
7147760c-9646-4646-a6bd-45d9fc3f81f7,1,1,210000,0,21000,210000,231000,,,,2025/10/08,2025/10/20,TRUE,FALSE
f7df50f3-f383-4fcf-a3c1-31b8b5e50340,19,1,70500,19500,9000,90000,99000,,,,2025/10/08,2025/10/20,TRUE,FALSE
f1855832-77e7-403f-8b7d-d13d0ccf3644,22,1,8500,0,850,8500,9350,,,,2025/10/08,2025/10/20,TRUE,FALSE
86566c25-473f-490a-b818-67f0bb12ba25,24,1,39600,0,3960,39600,43560,,,,2025/10/13,2025/10/20,TRUE,FALSE
cdf33351-14d0-4aee-8611-8a51fd6bad5f,28,1,63000,7000,7000,70000,77000,,,,2025/10/13,2025/10/20,TRUE,FALSE
d31ebcaf-197b-4200-ba2d-d9cd03ea88f6,32,1,15000,0,1500,15000,16500,,,,2025/10/18,2025/10/20,TRUE,FALSE
eb92a0cb-d405-4990-8616-fd42dbc66c32,1,1,162000,41000,20300,203000,223300,,,,2025/09/21,2025/10/20,TRUE,FALSE
c58006a5-629c-4e06-b243-b69a5b2846ae,21,1,9000,6000,1500,15000,16500,,,,2025/09/24,2025/10/20,TRUE,FALSE
0e415d10-9044-42bf-91a4-d2a40751da18,22,1,211400,9500,22090,220900,242990,,,,2025/09/24,2025/10/20,TRUE,FALSE
884af249-f439-47f6-9983-358f248ffac3,31,1,55200,0,5520,55200,60720,,,,2025/09/27,2025/10/20,TRUE,FALSE
01cb70a7-380b-476d-82b0-b692b6da19a1,12,1,3000,0,300,3000,3300,,,,2025/09/29,2025/10/20,TRUE,FALSE
ce50ae36-d22f-4680-a6f1-201747aab12e,24,1,81000,6000,8700,87000,95700,,,,2025/10/03,2025/10/20,TRUE,FALSE
a3cebcf1-aa34-4e32-ae95-a89815535962,12,1,20400,3500,2390,23900,26290,,,,2025/10/05,2025/10/20,TRUE,FALSE
1d923067-771c-450a-895a-7e4aa4efdf60,22,1,5000,0,500,5000,5500,,,,2025/09/24,2025/10/20,TRUE,FALSE
95e1dcf1-f7e8-4e0a-82cc-596119974af0,12,1,192000,18000,21000,210000,231000,,,,2025/09/21,2025/10/20,TRUE,FALSE
90480ea8-166a-4bc5-b5fe-0bfaf6a9d8c5,19,1,21600,0,2160,21600,23760,,,,2025/09/30,2025/10/20,TRUE,FALSE
022716d3-65ce-4878-ac4e-b5055f3c8111,11,1,42100,3000,4510,45100,49610,,,,2025/10/10,2025/10/20,TRUE,FALSE
903ecafe-b6b7-4420-a348-9b5f21508f7d,29,1,42000,0,4200,42000,46200,,,,2025/10/08,2025/10/20,TRUE,FALSE
b739b246-3e18-41b3-a14a-222af17e5d6d,1,1,0,0,0,0,0,,,,2025/09/21,2025/10/20,TRUE,FALSE
b8f7e144-85fe-4fe3-a497-5457a4e9bffc,2,1,42000,0,4200,42000,46200,,,,2025/09/25,2025/10/20,TRUE,FALSE
21a910a3-2cef-4c5f-9a78-6fb8e680662b,9,1,155100,0,15510,155100,170610,,,,2025/10/03,2025/10/20,TRUE,FALSE
3211cda3-fd50-4141-bb8e-9e32518a067c,32,1,42600,6000,4860,48600,53460,,,,2025/10/18,2025/10/20,TRUE,FALSE
3166d2e8-e422-4b72-afb0-96315435103a,20,1,32500,0,3250,32500,35750,,,,2025/09/25,2025/10/20,TRUE,FALSE
f3d683a4-8164-4848-9e77-0ba59107f255,12,1,7200,10000,1720,17200,18920,,,,2025/10/01,2025/10/20,TRUE,FALSE
d80522b8-691f-4878-b614-5a466d3cee51,34,1,3000,0,300,3000,3300,,,,2025/10/10,2025/10/20,TRUE,FALSE
61dc3ce5-211a-4e43-ac86-adc8e272aea2,7,1,100800,26000,12680,126800,139480,,,,2025/09/21,2025/10/20,TRUE,FALSE
101d751c-5d6a-4989-a579-5ce53620dc64,8,1,15500,0,1550,15500,17050,,,,2025/10/01,2025/10/20,TRUE,FALSE
1163f18d-79cd-4d64-961a-d3046455f3df,7,1,195000,36000,23100,231000,254100,,,,2025/09/21,2025/10/20,TRUE,FALSE
f7463551-ba03-4e4d-86d9-0117550f65a8,12,1,3000,0,300,3000,3300,,,,2025/10/14,2025/10/20,TRUE,FALSE
139cb859-8cbe-4e44-b844-7c9bce79f6a8,12,1,7200,0,720,7200,7920,,,,2025/10/17,2025/10/20,TRUE,FALSE
91506af1-dca5-47f3-9128-d4d2b5c173c9,34,1,18200,0,1820,18200,20020,,,,2025/10/10,2025/10/20,TRUE,FALSE
a9f3161e-9b35-48f4-9cb9-3c2795166681,7,1,25200,0,2520,25200,27720,,,,2025/10/14,2025/10/20,TRUE,FALSE
f0813d8b-50e1-432d-889f-f848df590b31,34,1,8400,0,840,8400,9240,,,,2025/09/24,2025/10/20,TRUE,FALSE
9266fe1e-9225-4e4e-a1a9-7da7395977c4,7,1,130200,0,13020,130200,143220,,,,2025/10/02,2025/10/20,TRUE,FALSE
c13b2fa8-5e25-4a54-843d-e98765572039,7,1,10200,0,1020,10200,11220,,,,2025/10/11,2025/10/20,TRUE,FALSE
17b389c6-d814-4e74-bc86-8b6f3f9fd3a3,12,1,10000,6000,1600,16000,17600,,,,2025/10/15,2025/10/20,TRUE,FALSE
dceae69e,12,1,14400,19500,3390,33900,37290,,,,2025/10/07,2025/10/20,TRUE,FALSE
9293e54d,9,1,3000,6000,900,9000,9900,,,,2025/10/17,2025/10/20,TRUE,FALSE
31c36d34,21,1,35700,3000,3870,38700,42570,,,,2025/09/24,2025/10/20,TRUE,FALSE
eef48b4c,31,1,16500,3000,1950,19500,21450,,,,2025/10/14,2025/10/20,TRUE,FALSE
944de6a8,1,1,0,1000,100,1000,1100,,1,/appsheet/data/データ管理_test-458050487-25-04-25/販売員納品書/944de6a8-1.pdf,2025/10/08,2025/10/20,TRUE,FALSE
dd3c2e42,1,1,217500,54000,27150,271500,298650,,,,2025/09/21,2025/10/20,TRUE,FALSE
ec93a5ea,20,1,9700,0,970,9700,10670,,,,2025/10/20,2025/10/20,TRUE,FALSE
70350478,7,1,48000,0,4800,48000,52800,,,,2025/10/18,2025/10/20,TRUE,FALSE
cab24986,17,1,42000,0,4200,42000,46200,,,,2025/10/19,2025/10/20,TRUE,FALSE
0dcadc1c,12,1,219600,12000,23160,231600,254760,,,,2025/09/21,2025/10/20,TRUE,FALSE
76c37654,34,1,3000,0,300,3000,3300,,,,2025/10/20,2025/10/20,TRUE,FALSE
e2d7fd32-52ff-47af-aa9f-15a7c566f17c,22,1,35400,0,3540,35400,38940,,,,2025/11/10,2025/11/20,FALSE,FALSE
40e4f977-a19a-4e66-a323-160ddbcc9abf,1,1,48000,0,4800,48000,52800,,,,2025/11/04,2025/11/20,FALSE,FALSE
117451fa-7a15-4cdd-a19e-981c1b2ef364,32,1,41600,0,4160,41600,45760,,,,2025/11/19,2025/11/20,FALSE,FALSE
0e77f5cc-f632-4cf7-a3ee-aaf0ea947362,33,1,31800,0,3180,31800,34980,,,,2025/11/09,2025/11/20,FALSE,FALSE
62838762-642c-425b-9481-884021e34163,31,1,12000,0,1200,12000,13200,,,,2025/11/14,2025/11/20,FALSE,FALSE
fca9a178-a54b-432b-b8fe-c41d3d9e8258,9,1,9000,0,900,9000,9900,,,,2025/10/25,2025/11/20,FALSE,FALSE
11aeae3d-ca07-42f8-a085-47691ec5ff04,28,1,30000,7000,3700,37000,40700,,,,2025/11/14,2025/11/20,FALSE,FALSE
14c2494b-9884-4b9b-84e8-f1125f25bd91,18,1,42800,3000,4580,45800,50380,,,,2025/11/03,2025/11/20,FALSE,FALSE
cdb53151-06ef-431e-99f2-65fb85c8c887,10,1,50400,18000,6840,68400,75240,,,,2025/11/14,2025/11/20,FALSE,FALSE
a316a60f-245f-433c-b883-4f084feb229e,17,1,42500,0,4250,42500,46750,,,,2025/11/19,2025/11/20,FALSE,FALSE
12e684b7-f0da-4141-869c-b544e283e618,19,1,86400,0,8640,86400,95040,,,,2025/10/29,2025/11/20,FALSE,FALSE
6517782c-d142-451e-899e-d1ed848b7a32,34,1,9000,0,900,9000,9900,,,,2025/11/19,2025/11/20,FALSE,FALSE
2bd6d19f-d37d-4b69-bb4e-a4a9ea1d6dcc,24,1,122500,0,12250,122500,134750,,,,2025/11/14,2025/11/20,FALSE,FALSE
17b9afbc-7c0f-4a51-b8b8-508c3ad4be67,25,1,7500,0,750,7500,8250,,,,2025/10/25,2025/11/20,FALSE,FALSE
93e0e1d2-a3bb-4f88-8164-ce7c883f40ce,29,1,42800,0,4280,42800,47080,,,,2025/11/10,2025/11/20,FALSE,FALSE
0cbfbbfe-f188-498a-abad-04687057bf94,11,1,0,3000,300,3000,3300,,,,2025/11/14,2025/11/20,FALSE,FALSE
3542e16a-fa24-484b-83ff-87b274fb8e6a,21,1,16800,6000,2280,22800,25080,,,,2025/11/15,2025/11/20,FALSE,FALSE
b6d6acad-e5a1-4c95-818d-a8fd954a7d9c,2,1,42000,0,4200,42000,46200,,,,2025/11/05,2025/11/20,FALSE,FALSE
9b20d627-3150-492e-8a28-8d2d1ac28b7d,32,1,29400,6500,3590,35900,39490,,,,2025/11/04,2025/11/20,FALSE,FALSE
36f1c41c-2a3f-41c9-90e5-c54eaf3b2513,25,1,64300,0,6430,64300,70730,,,,2025/10/25,2025/11/20,FALSE,FALSE
273c3126-6f9f-47da-a3ed-b51f2e80ddaa,9,1,50600,0,5060,50600,55660,,,,2025/10/25,2025/11/20,FALSE,FALSE
33d95562-e68a-4d7f-8386-52f3e361eb18,22,1,0,0,0,0,0,,,,2025/11/05,2025/11/20,FALSE,FALSE
9a5fd298-92a4-48c3-88cd-f9c3f19c2fa0,1,1,264000,21000,28500,285000,313500,,,,2025/11/04,2025/11/20,FALSE,FALSE
09f4ae91-686a-496e-a88f-d881fb3c044e,28,1,25600,0,2560,25600,28160,,,,2025/11/08,2025/11/20,FALSE,FALSE
e5539a30-ecad-4a24-b610-6f7c39148150,21,1,28200,0,2820,28200,31020,,,,2025/11/15,2025/11/20,FALSE,FALSE
56e5e85c-03c4-45cb-b29e-b7e6b6c99afd,34,1,27000,0,2700,27000,29700,,,,2025/11/10,2025/11/20,FALSE,FALSE
c01aef24-01de-4e94-b28c-a303dcca8458,31,1,19800,0,1980,19800,21780,,,,2025/10/30,2025/11/20,FALSE,FALSE
26f090b9-81b5-4918-9f62-97967c2715da,22,1,69000,0,6900,69000,75900,,,,2025/10/23,2025/11/20,FALSE,FALSE
2460e003-0c08-4f28-a4d5-aedb7772ac48,33,1,14400,0,1440,14400,15840,,,,2025/10/25,2025/11/20,FALSE,FALSE
54a38553-46de-405c-a853-741a2994ee5b,11,1,42600,6000,4860,48600,53460,,,,2025/11/14,2025/11/20,FALSE,FALSE
f63d6af2-702c-43ef-be3d-e4921947f9c1,21,1,32000,0,3200,32000,35200,,,,2025/11/04,2025/11/20,FALSE,FALSE
0902d44d-7793-433b-ab98-df1d0210b427,28,1,23000,0,2300,23000,25300,,,,2025/10/25,2025/11/20,FALSE,FALSE
ba66d269-5ab7-4101-a7c4-b94128329b72,1,1,0,0,0,0,0,,,,2025/10/22,2025/11/20,FALSE,FALSE
5f7c7245-0818-4757-ad57-d097517577c2,22,1,41000,5000,4600,46000,50600,,,,2025/10/29,2025/11/20,FALSE,FALSE
1fd5c95d-fe3e-4c32-9121-a4ae662b9e16,1,1,270000,36000,30600,306000,336600,,,,2025/10/22,2025/11/20,FALSE,FALSE
0d867ba2-70ea-4d2d-a362-ccefc94939b0,31,1,15000,0,1500,15000,16500,,,,2025/11/01,2025/11/20,FALSE,FALSE
bb66cdef-384f-45d5-8402-f413641f293e,21,1,15000,5000,2000,20000,22000,,,,2025/10/21,2025/11/20,FALSE,FALSE
6a776d98-ed5d-430e-b9ac-f55c120344b4,24,1,54000,9000,6300,63000,69300,,,,2025/11/09,2025/11/20,FALSE,FALSE
db759975-6bc4-4e8a-b5d8-271aaadb776e,24,1,9500,9000,1850,18500,20350,,,,2025/10/26,2025/11/20,FALSE,FALSE
df9e6cd4-2fbe-4b30-b4dd-90567d3b3ff2,34,1,14000,0,1400,14000,15400,,,,2025/10/28,2025/11/20,FALSE,FALSE
407333ee-c975-4553-9ad1-52b4f9736659,22,1,0,6000,600,6000,6600,,,,2025/11/03,2025/11/20,FALSE,FALSE
0e637e14-a8ab-446b-a611-3589d9c95485,22,1,75000,12000,8700,87000,95700,,,,2025/11/05,2025/11/20,FALSE,FALSE
66b160e1-0dfd-44e9-8e43-10f617685035,24,1,16000,11000,2700,27000,29700,,,,2025/10/22,2025/11/20,FALSE,FALSE
b35526b5-52ac-4832-82be-65ea92a1e499,21,1,5000,3000,800,8000,8800,,,,2025/10/21,2025/11/20,FALSE,FALSE
a4c93f47-734c-4382-92fa-c5c1050ffcc1,21,1,28200,3500,3170,31700,34870,,,,2025/10/21,2025/11/20,FALSE,FALSE
27a76b72-2552-4a38-ad4e-5cbfa8c1da24,1,1,210000,18000,22800,228000,250800,,,,2025/10/22,2025/11/20,FALSE,FALSE
a9177e30-6c05-4f32-8527-fdf27924e15c,34,1,3600,0,360,3600,3960,,,,2025/11/05,2025/11/20,FALSE,FALSE
21dd2c3d-6c05-411d-994d-664cb89edce9,34,1,5000,0,500,5000,5500,,,,2025/10/22,2025/11/20,FALSE,FALSE
6e76c547,7,1,85200,0,8520,85200,93720,,,,2025/11/20,2025/11/20,TRUE,FALSE
e9634320-fad0-4236-b89c-40857d727987,7,1,116400,18000,13440,134400,147840,,,,2025/11/10,2025/11/20,TRUE,FALSE
39d75cac-6fa5-4f8a-b743-2d56c4d81c8c,7,1,243000,0,24300,243000,267300,,,,2025/10/25,2025/11/20,TRUE,FALSE
4e9da521-a99c-4e4d-9693-3d35e5d5f190,12,1,62000,6000,6800,68000,74800,,,,2025/10/21,2025/11/20,TRUE,FALSE
ccd44df3-7eda-4881-8ae0-934e7de10d2e,7,1,50400,0,5040,50400,55440,,,,2025/11/17,2025/11/20,TRUE,FALSE
0855b2de-176d-4c92-b469-8616572a4d7f,8,1,126000,15500,14150,141500,155650,,,,2025/10/22,2025/11/20,TRUE,FALSE
8ce2d162-8109-4573-9b6a-c0c6412a8eea,8,1,84500,18000,10250,102500,112750,,,,2025/10/22,2025/11/20,TRUE,FALSE
7253c203-82f3-4ff9-8a2f-3369f4a5cbb6,7,1,101400,21000,12240,122400,134640,,,,2025/11/01,2025/11/20,TRUE,FALSE
7bfc3c19-9ef2-498a-a215-d8c5df3c4d2f,7,1,16200,0,1620,16200,17820,,,,2025/11/16,2025/11/20,TRUE,FALSE
987bf060-e5f3-4986-bf1a-0a0254497420,7,1,133200,5000,13820,138200,152020,,,,2025/10/26,2025/11/20,TRUE,FALSE
71a1d579-0d05-4ed7-b9fe-49114401eb4b,12,1,0,0,0,0,0,,,,2025/10/22,2025/11/20,TRUE,FALSE
858556d5-e990-4fe5-bccf-d13e167e7ebd,12,1,360000,15500,37550,375500,413050,,,,2025/10/22,2025/11/20,TRUE,FALSE
9555184b-6cc8-4d65-bd02-8112bbdfbcc4,12,1,9000,0,900,9000,9900,,,,2025/11/16,2025/11/20,TRUE,FALSE
1cb09555-44a5-4589-96ee-ec1a2879a8a3,12,1,0,0,0,0,0,,,,2025/11/08,2025/11/20,TRUE,FALSE
e4d635da-6246-4fa9-bcad-6fbfe6dd684b,12,1,0,23000,2300,23000,25300,,,,2025/10/30,2025/11/20,TRUE,FALSE
86843e68-c573-4545-a751-bdc2c720a82a,8,1,7500,0,750,7500,8250,,,,2025/11/14,2025/11/20,TRUE,FALSE
9e2fccc2-9c02-4b4f-ad33-2f250a7ae4c5,12,1,35000,45000,8000,80000,88000,,,,2025/10/22,2025/11/20,TRUE,FALSE
7bb1da51-46ce-4a3a-be09-3c3344cce7fd,12,1,6000,0,600,6000,6600,,,,2025/10/22,2025/11/20,TRUE,FALSE
5f775425-0ebc-4c48-9d3d-92877a5498df,12,1,32000,0,3200,32000,35200,,,,2025/11/08,2025/11/20,TRUE,FALSE
997019c8-7c21-4fa6-964e-285daee790b6,1,1,342000,41000,38300,383000,421300,,,,2025/11/21,2025/12/20,TRUE,FALSE
efb01c1c-b746-4b73-8a80-482fe6a2c684,12,1,15000,0,1500,15000,16500,,,,2025/11/25,2025/12/20,TRUE,FALSE
9bc924fa-d2e6-41cb-a418-e98f8d18ab3f,12,1,221000,24000,24500,245000,269500,,,,2025/11/22,2025/12/20,TRUE,FALSE
d3d602ba-5cb1-4ebf-a85a-6a3616df25a5,12,1,0,3000,300,3000,3300,,,,2025/12/09,2025/12/20,TRUE,FALSE
0eb2d7a9-689e-4c7f-8f19-e7b3c9a75d45,12,1,57400,11000,6840,68400,75240,,,,2025/11/21,2025/12/20,TRUE,FALSE
5644f923-6047-41a2-b22e-38d293d21bbe,12,1,306000,27500,33350,333500,366850,,,,2025/11/22,2025/12/20,TRUE,FALSE
ba586a2d-9d55-4186-901d-dc1ca2743577,12,1,0,15000,1500,15000,16500,,,,2025/12/10,2025/12/20,TRUE,FALSE
336ad11b-cca1-464f-ab43-21f051c70a4c,12,1,3000,6000,900,9000,9900,,,,2025/12/07,2025/12/20,TRUE,FALSE
a1094a32-7692-40af-ba77-e904bfc5e1ba,31,1,53400,0,5340,53400,58740,,,,2025/12/10,2025/12/20,TRUE,FALSE
1d3fcc91-e2ac-4e56-8850-addf6b9264c4,33,1,36000,15000,5100,51000,56100,,,,2025/12/15,2025/12/20,TRUE,FALSE
e2bda62b-e040-4fd6-b232-ac109c88d894,29,1,42300,0,4230,42300,46530,,,,2025/12/05,2025/12/20,TRUE,FALSE
4f2edc7f-5290-4245-a23f-716ad29cbeff,33,1,2500,0,250,2500,2750,,,,2025/12/15,2025/12/20,TRUE,FALSE
d5b96bcc-3477-460a-91c1-76645044b156,33,1,24000,5000,2900,29000,31900,,,,2025/11/24,2025/12/20,TRUE,FALSE
3952cef8-be7d-4d13-ac33-376fccbe2659,34,1,12600,0,1260,12600,13860,,,,2025/12/13,2025/12/20,TRUE,FALSE
5ce0c138-0678-4c7e-a2bf-5b65a596442d,33,1,22200,8000,3020,30200,33220,,,,2025/12/06,2025/12/20,TRUE,FALSE
3f80e172-4f64-4cb1-a675-97c6f88aeb4e,34,1,22500,0,2250,22500,24750,,,,2025/11/28,2025/12/20,TRUE,FALSE
c1104382-168f-4e10-88fc-8f72c14be64e,32,1,33000,0,3300,33000,36300,,,,2025/12/18,2025/12/20,TRUE,FALSE
26096775-08ba-48bb-8636-17c994516b96,32,1,64400,0,6440,64400,70840,,,,2025/12/08,2025/12/20,TRUE,FALSE
0adae088-053d-42fe-bc4f-a6ce086c25dd,32,1,103400,0,10340,103400,113740,,,,2025/11/30,2025/12/20,TRUE,FALSE
bd2d2b6c-3c11-40a4-90c0-39ee42baadef,28,1,0,0,0,0,0,,,,2024/11/29,2024/12/20,TRUE,TRUE
4406ce2b-2cd8-47bf-8c03-d0e6c2c500ab,21,1,27000,3000,3000,30000,33000,,,,2025/12/14,2025/12/20,TRUE,FALSE
fede2745-01d8-457d-8452-4a0baa0abaab,28,1,24000,0,2400,24000,26400,,,,2025/12/10,2025/12/20,TRUE,FALSE
8405c49e-d298-4b3b-8f0b-af79cb4da799,28,1,8400,10500,1890,18900,20790,,,,2025/12/06,2025/12/20,TRUE,FALSE
160fc459-115a-4fb3-ae10-c6f531282383,28,1,27400,0,2740,27400,30140,,,,2025/11/21,2025/12/20,TRUE,FALSE
7c3d65e3-cc0b-46e4-8961-5a4d52324f65,21,1,43200,9500,5270,52700,57970,,,,2025/12/02,2025/12/20,TRUE,FALSE
b8378675-f45b-42dd-b0f8-70ae17b207a2,19,1,0,9000,900,9000,9900,,,,2025/12/18,2025/12/20,TRUE,FALSE
2d3e9f8a-85b1-4680-8caa-28e201898bc2,19,1,84600,13000,9760,97600,107360,,,,2025/12/18,2025/12/20,TRUE,FALSE
93fd08fd-4a40-4fdb-b69f-f03549b9e54f,19,1,90000,0,9000,90000,99000,,,,2025/11/29,2025/12/20,TRUE,FALSE
1a9a1db0-7997-4630-8467-edff6d811a03,19,1,93600,10000,10360,103600,113960,,,,2025/11/21,2025/12/20,TRUE,FALSE
811d91b3-a845-4e47-ab2e-575a5ea0ad21,24,1,18000,10500,2850,28500,31350,,,,2025/12/13,2025/12/20,TRUE,FALSE
5bcd35c9-a55e-446d-b141-4d7ea30b7216,22,1,3000,6000,900,9000,9900,,,,2025/12/14,2025/12/20,TRUE,FALSE
f438f26f-c666-4fc3-9565-6770fc4b5bb2,22,1,86400,5000,9140,91400,100540,,,,2025/12/14,2025/12/20,TRUE,FALSE
bbfee893-38da-445a-b401-cd156eddff59,24,1,24000,5000,2900,29000,31900,,,,2025/11/24,2025/12/20,TRUE,FALSE
c59d0e6a-89d0-4517-93d3-8bc14ebbf07e,22,1,81000,3000,8400,84000,92400,,,,2025/11/25,2025/12/20,TRUE,FALSE
c898aac9-b248-433d-974e-09d704572b8b,22,1,77000,5000,8200,82000,90200,,,,2025/12/06,2025/12/20,TRUE,FALSE
6b229dd7-1778-4c7a-be55-03db289fedf0,24,1,21500,10500,3200,32000,35200,,,,2025/12/04,2025/12/20,TRUE,FALSE
8bab937e-d85a-4a8b-868c-bafeca9703af,22,1,6000,0,600,6000,6600,,,,2025/12/06,2025/12/20,TRUE,FALSE
9418e654-4841-40ce-83ce-c042d39343ce,22,1,69400,3000,7240,72400,79640,,,,2025/11/21,2025/12/20,TRUE,FALSE
0ba6d79f-c363-4d45-abb0-4a47656a8dae,9,1,6000,0,600,6000,6600,,,,2025/12/04,2025/12/20,TRUE,FALSE
ae2e8572-7fea-4df0-a285-15ad8a80f50e,9,1,93600,13000,10660,106600,117260,,,,2025/12/04,2025/12/20,TRUE,FALSE
59b62d38-6d7d-4919-b141-dc723457abee,11,1,42000,3000,4500,45000,49500,,,,2025/12/16,2025/12/20,TRUE,FALSE
539cab2f-24dd-4224-8701-3bc8a1d1a7f4,2,1,43200,10000,5320,53200,58520,,,,2025/11/21,2025/12/20,TRUE,FALSE
c9f9c449-3860-4294-ac25-f4ac6f4c22d5,1,1,288000,18000,30600,306000,336600,,,,2025/12/06,2025/12/20,TRUE,FALSE
7616d72e-dc20-40a9-84de-3cd105709adc,1,1,138000,0,13800,138000,151800,,,,2025/12/16,2025/12/20,TRUE,FALSE
bea978ad-ec7d-4084-b67d-77b28f14908a,1,1,0,0,0,0,0,,1,/appsheet/data/データ管理_test-458050487-25-04-25/販売員納品書/bea978ad-ec7d-4084-b67d-77b28f14908a-1.pdf,2025/11/21,2025/12/20,TRUE,FALSE
ce3d8d95-09c9-4e77-82f9-72bb51106c3e,8,1,18500,12000,3050,30500,33550,,,,2025/11/22,2025/12/20,TRUE,FALSE
eea74eab-3d77-45d1-8d5b-d3540a1df724,8,1,133200,5000,13820,138200,152020,,,,2025/11/22,2025/12/20,TRUE,FALSE
402f97f6,1,1,210000,18000,22800,228000,250800,,,,2025/11/21,2025/12/20,TRUE,FALSE
45f3ebdb,1,1,30000,0,3000,30000,33000,,,,2025/12/06,2025/12/20,TRUE,FALSE
460fab3a,2,1,27600,0,2760,27600,30360,,,,2025/12/20,2025/12/20,TRUE,FALSE
39eee881-7cf7-48fe-b610-9d6ef711bffe,7,1,174000,0,17400,174000,191400,,,,2025/11/22,2025/12/20,TRUE,FALSE
571af589-b4a3-4297-b269-0404e1afb8e4,7,1,115200,36000,15120,151200,166320,,1,/appsheet/data/データ管理_test-458050487-25-04-25/販売員納品書/571af589-b4a3-4297-b269-0404e1afb8e4-1.pdf,2025/11/26,2025/12/20,TRUE,FALSE
d654d794-b76f-4f7a-b2c5-745aa4c14b73,7,1,138000,18000,15600,156000,171600,,,,2025/12/15,2025/12/20,TRUE,FALSE
89632b48-0141-4805-9ff8-30d3f8bd2d88,7,1,82200,10000,9220,92200,101420,,,,2025/12/08,2025/12/20,TRUE,FALSE
ec2b1f1a-d260-4c83-9291-cff82cfc263b,7,1,97200,21000,11820,118200,130020,,,,2025/12/10,2025/12/20,TRUE,FALSE
1e4e34ad-7537-4dc9-b3c9-a39d5bf05f12,7,1,0,5000,500,5000,5500,,,,2025/12/18,2025/12/20,TRUE,FALSE
08395205-25e6-4ec3-9cf0-7adeb5c3268d,7,1,0,0,0,0,0,,,,2025/01/22,2025/02/20,TRUE,TRUE
f8f78685-c3f6-499f-bcda-3109c627b622,18,1,42400,0,4240,42400,46640,,,,2025/12/09,2025/12/20,TRUE,FALSE
0f2f0f81,34,1,8500,0,850,8500,9350,,,,2025/12/20,2025/12/20,TRUE,FALSE
2096c0ce,7,1,129600,24000,15360,153600,168960,,,,2025/11/22,2025/12/20,TRUE,FALSE
a18a5c09,28,1,46000,0,4600,46000,50600,,2,/appsheet/data/データ管理_test-458050487-25-04-25/販売員納品書/a18a5c09-2.pdf,2025/11/21,2025/12/20,TRUE,FALSE
a4a09d60-d022-4918-9782-8d8ef775c970,2,1,45000,0,4500,45000,49500,,,,2025/12/22,2026/01/20,TRUE,FALSE
396b09fa-caf1-4141-895a-3c004275911e,24,1,45000,0,4500,45000,49500,,,,2025/12/21,2026/01/20,TRUE,FALSE
35d1688d-eee2-4471-924b-aec2a9a53f46,1,1,0,0,0,0,0,,,,2025/12/21,2026/01/20,TRUE,FALSE
ace01d01-401c-43cf-9b21-52e597ecdd1a,1,1,30000,33000,6300,63000,69300,,,,2025/12/21,2026/01/20,TRUE,FALSE
684a0f0e-c513-4528-8d71-99e215b4b1dc,1,1,0,18000,1800,18000,19800,,,,2025/12/21,2026/01/20,TRUE,FALSE
081fb93d-6cf4-495e-80e7-18bc98d5959e,1,1,540000,18000,55800,558000,613800,,,,2025/12/21,2026/01/20,TRUE,FALSE
7c4d35bf-37c1-4a36-88be-d4fcd33b80fe,12,1,238000,30000,26800,268000,294800,,,,2025/12/22,2026/01/20,TRUE,FALSE
aaa2e6c8-f1ac-44a9-becb-34f776872700,8,1,111600,40500,15210,152100,167310,,,,2025/12/22,2026/01/20,TRUE,FALSE
afef8dcf-9afe-4b7f-bba2-ca88259c6b83,12,1,277200,42500,31970,319700,351670,,,,2025/12/22,2026/01/20,TRUE,FALSE
488ddb5b-c93e-48f3-bd16-f9199976feed,2,1,45000,0,4500,45000,49500,,,,2025/12/22,2026/01/20,TRUE,FALSE
ff8b539d-896c-48d5-b05b-e1c0344949cd,32,1,0,0,0,0,0,,,,2026/01/07,2026/01/20,TRUE,FALSE
9e7f939b-9311-4b2e-8ae9-cda2cd62f4d2,32,1,81600,0,8160,81600,89760,,,,2026/01/07,2026/01/20,TRUE,FALSE
62fa9eb7-ea53-4bc6-8638-ce3c29c30b17,17,1,42000,0,4200,42000,46200,,,,2026/01/09,2026/01/20,TRUE,FALSE
7b7e5b01-8e08-456c-8197-346f8a05b8ae,9,1,54600,3500,5810,58100,63910,,,,2026/01/04,2026/01/20,TRUE,FALSE
b0ed52d4-7d60-41a1-b250-4ecb5588773c,34,1,12000,0,1200,12000,13200,,,,2025/12/31,2026/01/20,TRUE,FALSE
84546d3d-d7ba-4695-9be0-5a615d8d695d,22,1,30000,12000,4200,42000,46200,,,,2026/01/04,2026/01/20,TRUE,FALSE
bd8b1851-7af7-413e-881b-50fae521da25,24,1,0,0,0,0,0,,,,2025/01/04,2025/01/20,TRUE,FALSE
ac5aa76a-4b89-43f9-83a0-0b7643666ece,28,1,18000,0,1800,18000,19800,,,,2026/01/07,2026/01/20,TRUE,FALSE
d7fb8f22-1aa2-461f-b75d-f743105c3890,2,1,0,0,0,0,0,,,,2025/02/24,2025/03/20,TRUE,FALSE
59d650e3-89e3-4927-bc19-21244fc776c9,33,1,27000,0,2700,27000,29700,,,,2026/01/06,2026/01/20,TRUE,FALSE
49bfa561-04dc-4358-8e44-dab49ef4870a,28,1,20000,7000,2700,27000,29700,,,,2025/12/21,2026/01/20,TRUE,FALSE
624a3f95-09f0-483e-9daa-cfb097f88d97,21,1,3000,0,300,3000,3300,,,,2025/12/23,2026/01/20,TRUE,FALSE
e969ea01-5a81-4630-a6be-7070c8336d5c,8,1,5000,0,500,5000,5500,,,,2025/12/22,2026/01/20,TRUE,FALSE
184ea11b-151e-4c75-88f6-dd2c58396b73,2,1,111000,12000,12300,123000,135300,,,,2025/12/24,2026/01/20,TRUE,FALSE
08c63af0-60f5-4465-a0b9-a8787d31cdb6,22,1,87900,0,8790,87900,96690,,,,2025/12/22,2026/01/20,TRUE,FALSE
70c1b50a-bcdc-47cf-87c9-3011a089d8be,21,1,48000,3000,5100,51000,56100,,,,2025/12/23,2026/01/20,TRUE,FALSE
22ea77a8-8b38-4894-84d9-a1faaa03fc28,10,1,45600,25000,7060,70600,77660,,,,2025/12/26,2026/01/20,TRUE,FALSE
82b243fc-003c-439c-aa0d-7fd2284ddc58,19,1,87000,0,8700,87000,95700,,1,/appsheet/data/データ管理_test-458050487-25-04-25/販売員納品書/82b243fc-003c-439c-aa0d-7fd2284ddc58-1.pdf,2025/12/27,2026/01/20,TRUE,FALSE
0e3fb0ab,31,1,13200,0,1320,13200,14520,,,,2026/01/09,2026/01/20,TRUE,FALSE
4c37d22e-ea8d-4bb1-94e3-5049cddc84ba,24,1,11000,0,1100,11000,12100,,,,2026/01/16,2026/01/20,TRUE,FALSE
ed46f4b7-f934-4e8a-952a-3dea24a9c85c,21,1,3000,0,300,3000,3300,,,,2026/01/14,2026/01/20,TRUE,FALSE
48aac5ec-3cb2-40b1-9af4-fbe2428a2bd0,24,1,16500,0,1650,16500,18150,,,,2026/01/12,2026/01/20,TRUE,FALSE
26f8b794-3bea-49a1-b067-a6f0fe9bdee6,21,1,26400,11500,3790,37900,41690,,,,2026/01/04,2026/01/20,TRUE,FALSE
4c8524f8-b922-445d-a711-80f9f6ed8ac6,19,1,114300,16500,13080,130800,143880,,1,/appsheet/data/データ管理_test-458050487-25-04-25/販売員納品書/4c8524f8-b922-445d-a711-80f9f6ed8ac6-1.pdf,2026/01/04,2026/01/20,TRUE,FALSE
96e8c3dd-29cd-48ac-9697-f1665706f7ea,28,1,18500,0,1850,18500,20350,,,,2026/01/02,2026/01/20,TRUE,FALSE
d20983ab-086c-4d97-9130-d642bbe577b7,7,1,16200,3000,1920,19200,21120,,,,2026/01/14,2026/01/20,TRUE,FALSE
c91cdd25-ee65-4286-be16-1fad28a28e9e,22,1,85200,0,8520,85200,93720,,,,2026/01/15,2026/01/20,TRUE,FALSE
ec30a56a-2120-43dd-8721-c84194a7d91d,24,1,119400,0,11940,119400,131340,,,,2026/01/16,2026/01/20,TRUE,FALSE
30dca461-40d2-4fba-8aca-3b98b350e80f,32,1,25000,3000,2800,28000,30800,,,,2026/01/15,2026/01/20,TRUE,FALSE
d30bce15-665b-4fd7-bed0-80006b5eb70b,19,1,0,0,0,0,0,,,,2016/01/14,2016/01/20,TRUE,FALSE
f2bce189-440a-4a10-942a-0ee9403a5484,32,1,10000,0,1000,10000,11000,,,,2026/01/17,2026/01/20,TRUE,FALSE
90e28715-c63f-4cd0-8154-08a9de68ae5e,31,1,48000,3000,5100,51000,56100,,,,2026/01/16,2026/01/20,TRUE,FALSE
3f64a222-204f-418e-9658-bb07a754579d,25,1,79800,10500,9030,90300,99330,,,,2026/01/16,2026/01/20,TRUE,FALSE
deca21be-37a5-4d55-8bf2-a2e3d8d6acd6,1,1,431500,0,43150,431500,474650,,,,2026/01/16,2026/01/20,TRUE,FALSE
42ca24ca-beba-4591-9972-78ea18e8a577,32,1,63100,0,6310,63100,69410,,,,2026/01/16,2026/01/20,TRUE,FALSE
187f068d-6931-4dfe-b474-c79f371eee4a,34,1,30400,0,3040,30400,33440,,,,2026/01/16,2026/01/20,TRUE,FALSE
3004456a-f107-444b-aaec-988407b8e30f,32,1,2500,0,250,2500,2750,,,,2026/01/16,2026/01/20,TRUE,FALSE
436c0746-5787-40ae-a78c-50b5c8cb25d7,32,1,43200,6000,4920,49200,54120,,,,2026/01/17,2026/01/20,TRUE,FALSE
7796da1d-0aa5-4a1c-917a-6b123bf230c2,22,1,6000,0,600,6000,6600,,,,2026/01/15,2026/01/20,TRUE,FALSE
0e63f709-ebca-45ee-a7b4-c9a45c2ce3bd,22,1,0,14500,1450,14500,15950,,,,2026/01/16,2026/01/20,TRUE,FALSE
653415d3-221f-4615-9b91-b3439125316a,29,1,42200,0,4220,42200,46420,,2,/appsheet/data/データ管理_test-458050487-25-04-25/販売員納品書/653415d3-221f-4615-9b91-b3439125316a-2.pdf,2026/01/16,2026/01/20,TRUE,FALSE
eadbb1ec-30a0-4b2f-ad3b-02e6adc75dfa,25,1,10000,6000,1600,16000,17600,,1,/appsheet/data/データ管理_test-458050487-25-04-25/販売員納品書/eadbb1ec-30a0-4b2f-ad3b-02e6adc75dfa-1.pdf,2026/01/20,2026/01/20,TRUE,FALSE
96205560-428b-4d82-9459-c0124e90d02a,11,1,42100,0,4210,42100,46310,,,,2026/01/20,2026/01/20,TRUE,FALSE
87c182b0,24,1,9000,24500,3350,33500,36850,,,,2026/01/04,2026/01/20,TRUE,FALSE
3259526c,2,1,0,39000,3900,39000,42900,,,,2025/12/24,2026/01/20,TRUE,FALSE
116a9eb0-b50a-461f-9ead-0342e0796a89,7,1,226800,5000,23180,231800,254980,,,,2026/01/04,2026/01/20,TRUE,FALSE
eeb44752-e771-4cad-bc8a-deee366ffb4a,7,1,89400,3500,9290,92900,102190,,,,2025/12/21,2026/01/20,TRUE,FALSE
50ecaf39-e564-49f9-91ec-9dafbc7369c9,7,1,103200,18000,12120,121200,133320,,,,2025/12/24,2026/01/20,TRUE,FALSE
a7f5c110-69e9-483c-bc12-505127abc816,7,1,208800,18000,22680,226800,249480,,,,2025/12/21,2026/01/20,TRUE,FALSE
7b9c4bde-d542-4b4f-bd76-3b37fed4f9f9,12,1,91000,10000,10100,101000,111100,,1,/appsheet/data/データ管理_test-458050487-25-04-25/販売員納品書/7b9c4bde-d542-4b4f-bd76-3b37fed4f9f9-1.pdf,2025/12/24,2026/01/20,TRUE,FALSE
f6f196d6,33,1,17500,0,1750,17500,19250,,,,2026/01/20,2026/01/20,TRUE,FALSE
bbcdc533-f986-4418-add5-6c4c2c2b2edb,7,1,121200,0,12120,121200,133320,,,,2026/01/11,2026/01/20,TRUE,FALSE