delivery_note_id,sales_person_id,tax_rate_id,quota_amount,non_quota_amount,tax_amount,total_amount_ex_tax,total_amount_inc_tax,remarks,delivery_note_number,file_path,delivery_date,billing_date,image_recognition_data,image_filename,deleted_flag,created_at,updated_at
88926547-62ab-52ef-9431-dd80b5f418be,24,1,22200,0,2220,22200,24420,,DN-88926547,,2026-02-15T17:10:07.447598,2026-02-15T17:10:07.447598,,,False,2026-02-15T17:10:07.447598,2026-02-15T17:10:07.447598
183a4fec-0ce3-5c4b-a270-e53c421a22dd,1,1,710500,0,71050,710500,781550,,DN-183a4fec,,2026-02-15T17:10:07.447598,2026-02-15T17:10:07.447598,,,False,2026-02-15T17:10:07.447598,2026-02-15T17:10:07.447598
56df8603-6a9b-5c8a-b918-72336b361e1c,2,1,61200,0,6120,61200,67320,,DN-56df8603,,2026-02-15T17:10:07.447598,2026-02-15T17:10:07.447598,,,False,2026-02-15T17:10:07.447598,2026-02-15T17:10:07.447598
2e5ae109-8f1d-5727-9caa-fbb9034ed3a7,10,1,73400,0,7340,73400,80740,,DN-2e5ae109,,2026-02-15T17:10:07.447598,2026-02-15T17:10:07.447598,,,False,2026-02-15T17:10:07.447598,2026-02-15T17:10:07.447598
119d7e29-789b-5cda-a326-e67407c46321,7,1,119200,0,11920,119200,131120,,DN-119d7e29,,2026-02-15T17:10:07.447598,2026-02-15T17:10:07.447598,,,False,2026-02-15T17:10:07.447598,2026-02-15T17:10:07.447598
c36d10f4-3d0f-5cf9-91a7-9060243476f8,18,1,42800,0,4280,42800,47080,,DN-c36d10f4,,2026-02-15T17:10:07.447598,2026-02-15T17:10:07.447598,,,False,2026-02-15T17:10:07.447598,2026-02-15T17:10:07.447598
e1193704-85d8-505e-8b40-5388bb291e75,11,1,52200,0,5220,52200,57420,,DN-e1193704,,2026-02-15T17:10:07.447598,2026-02-15T17:10:07.447598,,,False,2026-02-15T17:10:07.447598,2026-02-15T17:10:07.447598
f70c7f3b-d3c2-5fe4-a1c4-ead0417fadaf,8,1,296500,0,29650,296500,326150,,DN-f70c7f3b,,2026-02-15T17:10:07.447598,2026-02-15T17:10:07.447598,,,False,2026-02-15T17:10:07.447598,2026-02-15T17:10:07.447598
f2f8e310-8ec6-58c0-8fae-e98f636d26bf,9,1,127600,0,12760,127600,140360,,DN-f2f8e310,,2026-02-15T17:10:07.447598,2026-02-15T17:10:07.447598,,,False,2026-02-15T17:10:07.447598,2026-02-15T17:10:07.447598
69657d92-0bde-5894-9e30-8934bd45732e,12,1,174000,0,17400,174000,191400,,DN-69657d92,,2026-02-15T17:10:07.447598,2026-02-15T17:10:07.447598,,,False,2026-02-15T17:10:07.447598,2026-02-15T17:10:07.447598
37971c16-17f7-5e10-bd67-ecf22f67c0ce,20,1,51400,0,5140,51400,56540,,DN-37971c16,,2026-02-15T17:10:07.447598,2026-02-15T17:10:07.447598,,,False,2026-02-15T17:10:07.447598,2026-02-15T17:10:07.447598
6c819403-2b3c-5de3-a83e-66523a642f3f,13,1,25000,0,2500,25000,27500,,DN-6c819403,,2026-02-15T17:10:07.447598,2026-02-15T17:10:07.447598,,,False,2026-02-15T17:10:07.447598,2026-02-15T17:10:07.447598
31577b81-a1d9-5452-884d-7428d096a6b7,21,1,61000,0,6100,61000,67100,,DN-31577b81,,2026-02-15T17:10:07.447598,2026-02-15T17:10:07.447598,,,False,2026-02-15T17:10:07.447598,2026-02-15T17:10:07.447598
9c676e58-923f-5d24-a83f-718f6549a6e8,22,1,208800,0,20880,208800,229680,,DN-9c676e58,,2026-02-15T17:10:07.447598,2026-02-15T17:10:07.447598,,,False,2026-02-15T17:10:07.447598,2026-02-15T17:10:07.447598
2cc6e536-1f0f-514e-805d-f12a0f5167c7,19,1,170900,0,17090,170900,187990,,DN-2cc6e536,,2026-02-15T17:10:07.447598,2026-02-15T17:10:07.447598,,,False,2026-02-15T17:10:07.447598,2026-02-15T17:10:07.447598
e41142e3-93fd-50be-9101-94e4646db372,23,1,145400,0,14540,145400,159940,,DN-e41142e3,,2026-02-15T17:10:07.447598,2026-02-15T17:10:07.447598,,,False,2026-02-15T17:10:07.447598,2026-02-15T17:10:07.447598
c86bbc53-9e60-5300-a9d6-99fb8b44a770,1,1,1070500,0,107050,1070500,1177550,,DN-c86bbc53,,2026-02-15T17:10:07.447598,2026-02-15T17:10:07.447598,,,False,2026-02-15T17:10:07.447598,2026-02-15T17:10:07.447598
792f8b7c-06a8-5fd0-95e6-de6a025dad0f,2,1,45000,0,4500,45000,49500,,DN-792f8b7c,,2026-02-15T17:10:07.447598,2026-02-15T17:10:07.447598,,,False,2026-02-15T17:10:07.447598,2026-02-15T17:10:07.447598
4eb1e39c-4a4a-5ea8-b6ed-6487aad83749,7,1,712900,0,71290,712900,784190,,DN-4eb1e39c,,2026-02-15T17:10:07.448609,2026-02-15T17:10:07.448609,,,False,2026-02-15T17:10:07.448609,2026-02-15T17:10:07.448609
44040587-cc8e-59b9-b6cc-4a6950ad9a34,8,1,241400,0,24140,241400,265540,,DN-44040587,,2026-02-15T17:10:07.448609,2026-02-15T17:10:07.448609,,,False,2026-02-15T17:10:07.448609,2026-02-15T17:10:07.448609
3b2e4303-e50c-5734-b789-d1bc5839fe45,9,1,66900,0,6690,66900,73590,,DN-3b2e4303,,2026-02-15T17:10:07.448609,2026-02-15T17:10:07.448609,,,False,2026-02-15T17:10:07.448609,2026-02-15T17:10:07.448609
f3d1c6f7-f4fc-5db5-a369-00b5bf45b7c0,12,1,349900,0,34990,349900,384890,,DN-f3d1c6f7,,2026-02-15T17:10:07.448609,2026-02-15T17:10:07.448609,,,False,2026-02-15T17:10:07.448609,2026-02-15T17:10:07.448609
b1ae4643-a25f-550d-88a0-7cc1da55f360,15,1,115200,0,11520,115200,126720,,DN-b1ae4643,,2026-02-15T17:10:07.448609,2026-02-15T17:10:07.448609,,,False,2026-02-15T17:10:07.448609,2026-02-15T17:10:07.448609
4bd9bf95-4ba5-54df-8400-89f709aebad1,20,1,51700,0,5170,51700,56870,,DN-4bd9bf95,,2026-02-15T17:10:07.448609,2026-02-15T17:10:07.448609,,,False,2026-02-15T17:10:07.448609,2026-02-15T17:10:07.448609
97f5df1a-c370-5a92-bdc8-ca17f7063edd,19,1,156000,0,15600,156000,171600,,DN-97f5df1a,,2026-02-15T17:10:07.448609,2026-02-15T17:10:07.448609,,,False,2026-02-15T17:10:07.448609,2026-02-15T17:10:07.448609
3f9e9551-d2f1-53fd-9f24-e3fe98ec5ffb,22,1,127200,0,12720,127200,139920,,DN-3f9e9551,,2026-02-15T17:10:07.448609,2026-02-15T17:10:07.448609,,,False,2026-02-15T17:10:07.448609,2026-02-15T17:10:07.448609
e0c9ff8d-b3ef-5759-bc40-9b06f618c5fe,24,1,42700,0,4270,42700,46970,,DN-e0c9ff8d,,2026-02-15T17:10:07.448609,2026-02-15T17:10:07.448609,,,False,2026-02-15T17:10:07.448609,2026-02-15T17:10:07.448609
a4225fc8-b910-518a-aa49-8c5fb81cd942,23,1,193800,0,19380,193800,213180,,DN-a4225fc8,,2026-02-15T17:10:07.448609,2026-02-15T17:10:07.448609,,,False,2026-02-15T17:10:07.448609,2026-02-15T17:10:07.448609
b914765f-7c38-5a9e-b132-e33f20632008,25,1,25400,0,2540,25400,27940,,DN-b914765f,,2026-02-15T17:10:07.448609,2026-02-15T17:10:07.448609,,,False,2026-02-15T17:10:07.448609,2026-02-15T17:10:07.448609
c1d1e95f-bfb4-5b6d-8037-36b5d8862a48,11,1,8500,0,850,8500,9350,,DN-c1d1e95f,,2026-02-15T17:10:07.448609,2026-02-15T17:10:07.448609,,,False,2026-02-15T17:10:07.448609,2026-02-15T17:10:07.448609
828ef0ed-6bb7-5e54-9296-bfab8b1b4d43,26,1,115200,0,11520,115200,126720,,DN-828ef0ed,,2026-02-15T17:10:07.448609,2026-02-15T17:10:07.448609,,,False,2026-02-15T17:10:07.448609,2026-02-15T17:10:07.448609
75ec1a73-5bb1-5a64-856d-9b088f941c70,21,1,85200,0,8520,85200,93720,,DN-75ec1a73,,2026-02-15T17:10:07.448609,2026-02-15T17:10:07.448609,,,False,2026-02-15T17:10:07.448609,2026-02-15T17:10:07.448609
3312b70f-12e2-5a99-9b81-356d568820aa,5,1,60000,0,6000,60000,66000,,DN-3312b70f,,2026-02-15T17:10:07.448609,2026-02-15T17:10:07.448609,,,False,2026-02-15T17:10:07.448609,2026-02-15T17:10:07.448609
1873233a-1a9b-5662-8adc-abcc48db7e89,5,1,0,0,0,0,0,,DN-1873233a,,2026-02-15T17:10:07.448609,2026-02-15T17:10:07.448609,,,False,2026-02-15T17:10:07.448609,2026-02-15T17:10:07.448609
4c6490da-16ed-5188-96ad-74464bde0dff,1,1,798000,0,79800,798000,877800,,DN-4c6490da,,2026-02-15T17:10:07.448609,2026-02-15T17:10:07.448609,,,False,2026-02-15T17:10:07.448609,2026-02-15T17:10:07.448609
98d51e63-49eb-58ed-a6d7-928368d6749d,3,1,21600,0,2160,21600,23760,,DN-98d51e63,,2026-02-15T17:10:07.448609,2026-02-15T17:10:07.448609,,,False,2026-02-15T17:10:07.448609,2026-02-15T17:10:07.448609
be135f79-c84e-5a7b-934c-ae9580608696,2,1,222200,0,22220,222200,244420,,DN-be135f79,,2026-02-15T17:10:07.448609,2026-02-15T17:10:07.448609,,,False,2026-02-15T17:10:07.448609,2026-02-15T17:10:07.448609
038ab567-a40b-52de-84e7-43abd9e34c48,7,1,490600,0,49060,490600,539660,,DN-038ab567,,2026-02-15T17:10:07.448609,2026-02-15T17:10:07.448609,,,False,2026-02-15T17:10:07.448609,2026-02-15T17:10:07.448609
fdd31ef7-aeee-534e-94ad-440fb0f5c3be,8,1,262100,0,26210,262100,288310,,DN-fdd31ef7,,2026-02-15T17:10:07.448609,2026-02-15T17:10:07.448609,,,False,2026-02-15T17:10:07.448609,2026-02-15T17:10:07.448609
0144abce-a489-5319-9f14-c7edd7a884f4,12,1,241500,0,24150,241500,265650,,DN-0144abce,,2026-02-15T17:10:07.448609,2026-02-15T17:10:07.448609,,,False,2026-02-15T17:10:07.448609,2026-02-15T17:10:07.448609
0580b905-70c2-52ae-adbe-9d023f71ef4a,5,1,50000,0,5000,50000,55000,,DN-0580b905,,2026-02-15T17:10:07.448609,2026-02-15T17:10:07.448609,,,False,2026-02-15T17:10:07.448609,2026-02-15T17:10:07.448609
5a4ef6c6-fbd6-5070-9437-1d7cb6c61801,11,1,67700,0,6770,67700,74470,,DN-5a4ef6c6,,2026-02-15T17:10:07.448609,2026-02-15T17:10:07.448609,,,False,2026-02-15T17:10:07.448609,2026-02-15T17:10:07.448609
8cd505a5-771f-5ca5-a026-3f92541f805a,9,1,114100,0,11410,114100,125510,,DN-8cd505a5,,2026-02-15T17:10:07.448609,2026-02-15T17:10:07.448609,,,False,2026-02-15T17:10:07.448609,2026-02-15T17:10:07.448609
98cdefa9-893c-51ac-adc8-1ef5871c2f8b,16,1,49600,0,4960,49600,54560,,DN-98cdefa9,,2026-02-15T17:10:07.448609,2026-02-15T17:10:07.448609,,,False,2026-02-15T17:10:07.448609,2026-02-15T17:10:07.448609
c7c74fc1-3530-589b-a958-1c63c24dd70d,17,1,42000,0,4200,42000,46200,,DN-c7c74fc1,,2026-02-15T17:10:07.448609,2026-02-15T17:10:07.448609,,,False,2026-02-15T17:10:07.448609,2026-02-15T17:10:07.448609
34bc3972-1f70-5ae5-90bd-f0b6baba7999,19,1,253100,0,25310,253100,278410,,DN-34bc3972,,2026-02-15T17:10:07.448609,2026-02-15T17:10:07.448609,,,False,2026-02-15T17:10:07.448609,2026-02-15T17:10:07.448609
18dcaef2-79af-5def-831f-1e46bfe6ee04,21,1,98400,0,9840,98400,108240,,DN-18dcaef2,,2026-02-15T17:10:07.448609,2026-02-15T17:10:07.448609,,,False,2026-02-15T17:10:07.448609,2026-02-15T17:10:07.448609
e71c358a-527c-5c94-96be-aff394e72bfd,22,1,207100,0,20710,207100,227810,,DN-e71c358a,,2026-02-15T17:10:07.448609,2026-02-15T17:10:07.448609,,,False,2026-02-15T17:10:07.448609,2026-02-15T17:10:07.448609
ca1caf86-2e18-5a64-b290-b3d863f1e36b,13,1,47000,0,4700,47000,51700,,DN-ca1caf86,,2026-02-15T17:10:07.448609,2026-02-15T17:10:07.448609,,,False,2026-02-15T17:10:07.448609,2026-02-15T17:10:07.448609
0552ffa1-9db5-5ce4-affc-51bbd7af994e,23,1,64900,0,6490,64900,71390,,DN-0552ffa1,,2026-02-15T17:10:07.448609,2026-02-15T17:10:07.448609,,,False,2026-02-15T17:10:07.448609,2026-02-15T17:10:07.448609
6ac8890e-fad7-53d3-b6bf-a9c442ceb18a,26,1,47800,0,4780,47800,52580,,DN-6ac8890e,,2026-02-15T17:10:07.448609,2026-02-15T17:10:07.448609,,,False,2026-02-15T17:10:07.448609,2026-02-15T17:10:07.448609
a9ef8bf8-aaeb-51b8-b332-15ecfdd9afe9,15,1,45200,0,4520,45200,49720,,DN-a9ef8bf8,,2026-02-15T17:10:07.448609,2026-02-15T17:10:07.448609,,,False,2026-02-15T17:10:07.448609,2026-02-15T17:10:07.448609
72279133-f95f-545a-b675-014859f0d6cf,5,1,99000,0,9900,99000,108900,,DN-72279133,,2026-02-15T17:10:07.448609,2026-02-15T17:10:07.448609,,,False,2026-02-15T17:10:07.448609,2026-02-15T17:10:07.448609
f514896d-59e9-5442-824a-74c6b4ce7a92,25,1,57200,0,5720,57200,62920,,DN-f514896d,,2026-02-15T17:10:07.448609,2026-02-15T17:10:07.448609,,,False,2026-02-15T17:10:07.448609,2026-02-15T17:10:07.448609
44121f05-1fe7-5c6c-b312-e8e1f90e63f0,1,1,1200,0,120,1200,1320,,DN-44121f05,,2026-02-15T17:10:07.448609,2026-02-15T17:10:07.448609,,,True,2026-02-15T17:10:07.448609,2026-02-15T17:10:07.448609
dee4dfe7-443e-50c0-9b64-b0c6786bc36b,2,1,90000,0,9000,90000,99000,,DN-dee4dfe7,,2026-02-15T17:10:07.448609,2026-02-15T17:10:07.448609,,,True,2026-02-15T17:10:07.448609,2026-02-15T17:10:07.448609
43f796a9-98a3-583e-a1fd-51b13cc60b3f,22,1,187400,0,18740,187400,206140,,DN-43f796a9,,2026-02-15T17:10:07.448609,2026-02-15T17:10:07.448609,,,False,2026-02-15T17:10:07.448609,2026-02-15T17:10:07.448609
a4d8864a-37cc-5d7e-81c7-8e0deef1a203,1,1,795000,0,79500,795000,874500,,DN-a4d8864a,,2026-02-15T17:10:07.448609,2026-02-15T17:10:07.448609,,,False,2026-02-15T17:10:07.448609,2026-02-15T17:10:07.448609
fcd74530-430e-567b-8fe3-705a51280ef6,2,1,42000,0,4200,42000,46200,,DN-fcd74530,,2026-02-15T17:10:07.448609,2026-02-15T17:10:07.448609,,,False,2026-02-15T17:10:07.448609,2026-02-15T17:10:07.448609
8022a262-e7cf-5960-9f02-a06ae8172fbf,7,1,469200,0,46920,469200,516120,,DN-8022a262,,2026-02-15T17:10:07.448609,2026-02-15T17:10:07.448609,,,False,2026-02-15T17:10:07.448609,2026-02-15T17:10:07.448609
aefaae9f-28ad-56e4-9908-05c25dd7a710,8,1,264900,0,26490,264900,291390,,DN-aefaae9f,,2026-02-15T17:10:07.448609,2026-02-15T17:10:07.448609,,,False,2026-02-15T17:10:07.448609,2026-02-15T17:10:07.448609
4b1cecf4-485a-54dc-b9ff-661ce58969ed,12,1,236600,0,23660,236600,260260,,DN-4b1cecf4,,2026-02-15T17:10:07.448609,2026-02-15T17:10:07.448609,,,False,2026-02-15T17:10:07.448609,2026-02-15T17:10:07.448609
16457e80-cc8b-526f-aecc-cf4eaedcad0e,9,1,148400,0,14840,148400,163240,,DN-16457e80,,2026-02-15T17:10:07.448609,2026-02-15T17:10:07.448609,,,False,2026-02-15T17:10:07.448609,2026-02-15T17:10:07.448609
887ba50b-4d45-52de-83fc-5db4d59cc531,11,1,49400,0,4940,49400,54340,,DN-887ba50b,,2026-02-15T17:10:07.448609,2026-02-15T17:10:07.448609,,,False,2026-02-15T17:10:07.448609,2026-02-15T17:10:07.448609
fb18e516-5b7f-5a16-86bc-308d580b6a85,18,1,42800,0,4280,42800,47080,,DN-fb18e516,,2026-02-15T17:10:07.448609,2026-02-15T17:10:07.448609,,,False,2026-02-15T17:10:07.448609,2026-02-15T17:10:07.448609
176d3d08-09e9-5d17-b495-5d6159bbe0c8,13,1,32000,0,3200,32000,35200,,DN-176d3d08,,2026-02-15T17:10:07.448609,2026-02-15T17:10:07.448609,,,False,2026-02-15T17:10:07.448609,2026-02-15T17:10:07.448609
5e8217ef-fa58-522f-96ec-9b2e7a0177be,20,1,49900,0,4990,49900,54890,,DN-5e8217ef,,2026-02-15T17:10:07.448609,2026-02-15T17:10:07.448609,,,False,2026-02-15T17:10:07.448609,2026-02-15T17:10:07.448609
097be892-fec6-55ba-8ff5-e25370c20be7,19,1,84400,0,8440,84400,92840,,DN-097be892,,2026-02-15T17:10:07.448609,2026-02-15T17:10:07.448609,,,False,2026-02-15T17:10:07.448609,2026-02-15T17:10:07.448609
ffe1c0b2-fe54-5617-8414-f6bc7400d37b,21,1,94000,0,9400,94000,103400,,DN-ffe1c0b2,,2026-02-15T17:10:07.448609,2026-02-15T17:10:07.448609,,,False,2026-02-15T17:10:07.448609,2026-02-15T17:10:07.448609
ca301d27-0bc1-5bf2-be46-9ceea15e9e77,23,1,116900,0,11690,116900,128590,,DN-ca301d27,,2026-02-15T17:10:07.448609,2026-02-15T17:10:07.448609,,,False,2026-02-15T17:10:07.448609,2026-02-15T17:10:07.448609
64ce137e-2b30-5023-bf6b-b9df5a16bd60,1,1,12000,0,1200,12000,13200,,DN-64ce137e,,2026-02-15T17:10:07.448609,2026-02-15T17:10:07.448609,,,True,2026-02-15T17:10:07.448609,2026-02-15T17:10:07.448609
8275b19d-6d21-5ae9-9ab0-6d91961fc3d1,1,1,4200,0,420,4200,4620,,DN-8275b19d,,2026-02-15T17:10:07.448609,2026-02-15T17:10:07.448609,,,True,2026-02-15T17:10:07.448609,2026-02-15T17:10:07.448609
5cb67829-9bfb-5bbd-ae11-801e002f1a44,1,1,4200,0,420,4200,4620,,DN-5cb67829,,2026-02-15T17:10:07.448609,2026-02-15T17:10:07.448609,,,True,2026-02-15T17:10:07.448609,2026-02-15T17:10:07.448609
49cc8a9b-22db-5640-bb1f-6a89074dfb17,1,1,4200,0,420,4200,4620,,DN-49cc8a9b,,2026-02-15T17:10:07.448609,2026-02-15T17:10:07.448609,,,True,2026-02-15T17:10:07.448609,2026-02-15T17:10:07.448609
7e423604-19f1-56ec-bacb-1e02ea682aa8,24,1,76200,0,7620,76200,83820,,DN-7e423604,,2026-02-15T17:10:07.448609,2026-02-15T17:10:07.448609,,,False,2026-02-15T17:10:07.448609,2026-02-15T17:10:07.448609
de72f4e3-9954-5f9a-b4ee-3ef1b48a49e3,27,1,44600,0,4460,44600,49060,,DN-de72f4e3,,2026-02-15T17:10:07.448609,2026-02-15T17:10:07.448609,,,False,2026-02-15T17:10:07.448609,2026-02-15T17:10:07.448609
822527a6-2f76-56b2-8986-6aa85d4c45dd,26,1,69000,0,6900,69000,75900,,DN-822527a6,,2026-02-15T17:10:07.448609,2026-02-15T17:10:07.448609,,,False,2026-02-15T17:10:07.448609,2026-02-15T17:10:07.448609
edce6593-2a59-5e8f-b5e6-5e884b32ed17,11,1,21000,0,2100,21000,23100,,DN-edce6593,,2026-02-15T17:10:07.448609,2026-02-15T17:10:07.448609,,,False,2026-02-15T17:10:07.448609,2026-02-15T17:10:07.448609
046d3bbd-e262-5702-856a-d47e22559c3e,11,1,6600,0,660,6600,7260,,DN-046d3bbd,,2026-02-15T17:10:07.448609,2026-02-15T17:10:07.448609,,,False,2026-02-15T17:10:07.448609,2026-02-15T17:10:07.448609
e1f09adc-8768-5ee3-9fa8-df4670202b00,1,1,774500,0,77450,774500,851950,,DN-e1f09adc,,2026-02-15T17:10:07.448609,2026-02-15T17:10:07.448609,,,False,2026-02-15T17:10:07.448609,2026-02-15T17:10:07.448609
28859766-b25c-56a1-82d8-1d103205916e,11,1,6000,0,600,6000,6600,,DN-28859766,,2026-02-15T17:10:07.448609,2026-02-15T17:10:07.448609,,,False,2026-02-15T17:10:07.448609,2026-02-15T17:10:07.448609
c70a63a0-6fde-5a0f-acec-4105faa648f1,2,1,42000,0,4200,42000,46200,,DN-c70a63a0,,2026-02-15T17:10:07.448609,2026-02-15T17:10:07.448609,,,False,2026-02-15T17:10:07.448609,2026-02-15T17:10:07.448609
e9931a2f-aff2-53fe-a316-8e470c479f13,26,1,53600,0,5360,53600,58960,,DN-e9931a2f,,2026-02-15T17:10:07.448609,2026-02-15T17:10:07.448609,,,False,2026-02-15T17:10:07.448609,2026-02-15T17:10:07.448609
03b5265d-a739-5de1-8114-754bf12c7945,22,1,242600,0,24260,242600,266860,,DN-03b5265d,,2026-02-15T17:10:07.448609,2026-02-15T17:10:07.448609,,,False,2026-02-15T17:10:07.448609,2026-02-15T17:10:07.448609
5136487a-51de-5c2a-a88b-5bec8eb74f01,24,1,52200,0,5220,52200,57420,,DN-5136487a,,2026-02-15T17:10:07.448609,2026-02-15T17:10:07.448609,,,False,2026-02-15T17:10:07.448609,2026-02-15T17:10:07.448609
a846eff2-28fd-560b-be36-105b6fd18d41,23,1,128600,0,12860,128600,141460,,DN-a846eff2,,2026-02-15T17:10:07.448609,2026-02-15T17:10:07.448609,,,False,2026-02-15T17:10:07.448609,2026-02-15T17:10:07.448609
0213667a-08f6-52f8-b150-0d2b913c4cdb,7,1,511300,0,51130,511300,562430,,DN-0213667a,,2026-02-15T17:10:07.448609,2026-02-15T17:10:07.448609,,,False,2026-02-15T17:10:07.448609,2026-02-15T17:10:07.448609
8da48590-ea15-557e-b57c-64579dbfaa7f,8,1,304300,0,30430,304300,334730,,DN-8da48590,,2026-02-15T17:10:07.448609,2026-02-15T17:10:07.448609,,,False,2026-02-15T17:10:07.448609,2026-02-15T17:10:07.448609
6456efc5-e072-589a-a6e3-5f126fdee512,12,1,245100,0,24510,245100,269610,,DN-6456efc5,,2026-02-15T17:10:07.448609,2026-02-15T17:10:07.448609,,,False,2026-02-15T17:10:07.448609,2026-02-15T17:10:07.448609
6d1c70f6-9025-55db-bd8f-f31062db511e,9,1,88000,0,8800,88000,96800,,DN-6d1c70f6,,2026-02-15T17:10:07.448609,2026-02-15T17:10:07.448609,,,False,2026-02-15T17:10:07.448609,2026-02-15T17:10:07.448609
72dab559-01ae-5cc2-8b1b-672ea604832e,19,1,107400,0,10740,107400,118140,,DN-72dab559,,2026-02-15T17:10:07.448609,2026-02-15T17:10:07.448609,,,False,2026-02-15T17:10:07.448609,2026-02-15T17:10:07.448609
a9cb13a1-b094-5ece-a789-a89464386230,21,1,72000,0,7200,72000,79200,,DN-a9cb13a1,,2026-02-15T17:10:07.448609,2026-02-15T17:10:07.448609,,,False,2026-02-15T17:10:07.448609,2026-02-15T17:10:07.448609
f310ac53-f825-57fe-bc68-d3749c1fd904,28,1,101200,0,10120,101200,111320,,DN-f310ac53,,2026-02-15T17:10:07.448609,2026-02-15T17:10:07.448609,,,False,2026-02-15T17:10:07.448609,2026-02-15T17:10:07.448609
8213bd5c-a206-5a04-a17b-31e2573d132a,10,1,42600,0,4260,42600,46860,,DN-8213bd5c,,2026-02-15T17:10:07.448609,2026-02-15T17:10:07.448609,,,False,2026-02-15T17:10:07.448609,2026-02-15T17:10:07.448609
73e7cdcb-7d23-5ca0-a1b5-96126935b38c,1,1,825700,0,82570,825700,908270,,DN-73e7cdcb,,2026-02-15T17:10:07.448609,2026-02-15T17:10:07.448609,,,False,2026-02-15T17:10:07.448609,2026-02-15T17:10:07.448609
b54bee2f-5ef5-54b2-acb2-b61158d2cbfc,7,1,454400,0,45440,454400,499840,,DN-b54bee2f,,2026-02-15T17:10:07.448609,2026-02-15T17:10:07.448609,,,False,2026-02-15T17:10:07.448609,2026-02-15T17:10:07.448609
9926b4f9-374c-5357-b93c-88dd9ca16b99,3,1,29600,0,2960,29600,32560,,DN-9926b4f9,,2026-02-15T17:10:07.448609,2026-02-15T17:10:07.448609,,,False,2026-02-15T17:10:07.448609,2026-02-15T17:10:07.448609
2f962ce2-a0d9-5bd5-a180-c66edcc54793,2,1,42400,0,4240,42400,46640,,DN-2f962ce2,,2026-02-15T17:10:07.448609,2026-02-15T17:10:07.448609,,,False,2026-02-15T17:10:07.448609,2026-02-15T17:10:07.448609
4b783a13-aa66-5746-9bef-d9e99e0bb815,9,1,124600,0,12460,124600,137060,,DN-4b783a13,,2026-02-15T17:10:07.448609,2026-02-15T17:10:07.448609,,,False,2026-02-15T17:10:07.448609,2026-02-15T17:10:07.448609
1cec19dc-acec-5f4d-8be4-ba55a5585f9b,18,1,45200,0,4520,45200,49720,,DN-1cec19dc,,2026-02-15T17:10:07.448609,2026-02-15T17:10:07.448609,,,False,2026-02-15T17:10:07.448609,2026-02-15T17:10:07.448609
2ee39a5f-ee84-5179-a1fb-9f91c9430719,17,1,44000,0,4400,44000,48400,,DN-2ee39a5f,,2026-02-15T17:10:07.448609,2026-02-15T17:10:07.448609,,,False,2026-02-15T17:10:07.448609,2026-02-15T17:10:07.448609
bb4e916d-bfa1-5f73-b0d4-14ddaf09974f,8,1,225900,0,22590,225900,248490,,DN-bb4e916d,,2026-02-15T17:10:07.448609,2026-02-15T17:10:07.448609,,,False,2026-02-15T17:10:07.448609,2026-02-15T17:10:07.448609
6fdffc6b-e535-5eb4-87b4-9e86a4d7dd9c,12,1,250200,0,25020,250200,275220,,DN-6fdffc6b,,2026-02-15T17:10:07.448609,2026-02-15T17:10:07.448609,,,False,2026-02-15T17:10:07.448609,2026-02-15T17:10:07.448609
9d6954d6-8edf-5ce9-bcc6-c509df0f1687,11,1,54000,0,5400,54000,59400,,DN-9d6954d6,,2026-02-15T17:10:07.448609,2026-02-15T17:10:07.448609,,,False,2026-02-15T17:10:07.448609,2026-02-15T17:10:07.448609
9d467b91-42df-53cd-81d1-7db0adb7da84,20,1,71200,0,7120,71200,78320,,DN-9d467b91,,2026-02-15T17:10:07.448609,2026-02-15T17:10:07.448609,,,False,2026-02-15T17:10:07.448609,2026-02-15T17:10:07.448609
7a13f6e2-c0f3-525a-8ce1-b67463fa8974,26,1,55300,0,5530,55300,60830,,DN-7a13f6e2,,2026-02-15T17:10:07.448609,2026-02-15T17:10:07.448609,,,False,2026-02-15T17:10:07.448609,2026-02-15T17:10:07.448609
7c3fc403-dcfd-540e-bec6-2603bed9b63f,19,1,324200,0,32420,324200,356620,,DN-7c3fc403,,2026-02-15T17:10:07.448609,2026-02-15T17:10:07.448609,,,False,2026-02-15T17:10:07.448609,2026-02-15T17:10:07.448609
806c29d8-07a7-5ce1-a3e0-90f2632e74c2,22,1,254600,0,25460,254600,280060,,DN-806c29d8,,2026-02-15T17:10:07.448609,2026-02-15T17:10:07.448609,,,False,2026-02-15T17:10:07.448609,2026-02-15T17:10:07.448609
a6bda78e-ea64-53a4-b7b2-f18b6fc5d0a3,24,1,59400,0,5940,59400,65340,,DN-a6bda78e,,2026-02-15T17:10:07.448609,2026-02-15T17:10:07.448609,,,False,2026-02-15T17:10:07.448609,2026-02-15T17:10:07.448609
144d53ee-399b-5080-b4c5-e0ad740e3c1e,28,1,110600,0,11060,110600,121660,,DN-144d53ee,,2026-02-15T17:10:07.449633,2026-02-15T17:10:07.449633,,,False,2026-02-15T17:10:07.449633,2026-02-15T17:10:07.449633
36fa4b35-5bf4-5a61-969c-943bb107ab73,23,1,149600,0,14960,149600,164560,,DN-36fa4b35,,2026-02-15T17:10:07.449633,2026-02-15T17:10:07.449633,,,False,2026-02-15T17:10:07.449633,2026-02-15T17:10:07.449633
c1320e0f-b8be-5d77-8675-7c4c5221aa7f,25,1,75700,0,7570,75700,83270,,DN-c1320e0f,,2026-02-15T17:10:07.449633,2026-02-15T17:10:07.449633,,,False,2026-02-15T17:10:07.449633,2026-02-15T17:10:07.449633
a59c0b7a-c9e1-5cd2-bc1d-1518d4e8d983,27,1,42000,0,4200,42000,46200,,DN-a59c0b7a,,2026-02-15T17:10:07.449633,2026-02-15T17:10:07.449633,,,False,2026-02-15T17:10:07.449633,2026-02-15T17:10:07.449633
8ebbdf25-8334-559b-9755-f29a39cc88fd,1,1,709000,0,70900,709000,779900,,DN-8ebbdf25,,2026-02-15T17:10:07.449633,2026-02-15T17:10:07.449633,,,False,2026-02-15T17:10:07.449633,2026-02-15T17:10:07.449633
20283cc8-00c9-5104-a774-54d3ccacaca7,2,1,42000,0,4200,42000,46200,,DN-20283cc8,,2026-02-15T17:10:07.449633,2026-02-15T17:10:07.449633,,,False,2026-02-15T17:10:07.449633,2026-02-15T17:10:07.449633
749786fd-9d51-5874-91a8-3d7510c3995d,7,1,479600,0,47960,479600,527560,,DN-749786fd,,2026-02-15T17:10:07.449633,2026-02-15T17:10:07.449633,,,False,2026-02-15T17:10:07.449633,2026-02-15T17:10:07.449633
eb7239b1-012c-5752-b906-3dd05219307c,8,1,229100,0,22910,229100,252010,,DN-eb7239b1,,2026-02-15T17:10:07.449633,2026-02-15T17:10:07.449633,,,False,2026-02-15T17:10:07.449633,2026-02-15T17:10:07.449633
77390e8d-ba19-58f9-8f6d-084da9d27200,12,1,479700,0,47970,479700,527670,,DN-77390e8d,,2026-02-15T17:10:07.449633,2026-02-15T17:10:07.449633,,,False,2026-02-15T17:10:07.449633,2026-02-15T17:10:07.449633
35c69d34-2049-5859-9819-9ff15e8cf810,10,1,46200,0,4620,46200,50820,,DN-35c69d34,,2026-02-15T17:10:07.449633,2026-02-15T17:10:07.449633,,,False,2026-02-15T17:10:07.449633,2026-02-15T17:10:07.449633
53600f94-1ed0-579f-9e61-04cecd3b621b,18,1,42000,0,4200,42000,46200,,DN-53600f94,,2026-02-15T17:10:07.449633,2026-02-15T17:10:07.449633,,,False,2026-02-15T17:10:07.449633,2026-02-15T17:10:07.449633
1037d6db-7dc3-5c45-a53f-b31517d23e39,11,1,47200,0,4720,47200,51920,,DN-1037d6db,,2026-02-15T17:10:07.449633,2026-02-15T17:10:07.449633,,,False,2026-02-15T17:10:07.449633,2026-02-15T17:10:07.449633
a418b7df-3e3b-5370-aa24-24d68aec074e,21,1,87300,0,8730,87300,96030,,DN-a418b7df,,2026-02-15T17:10:07.449633,2026-02-15T17:10:07.449633,,,False,2026-02-15T17:10:07.449633,2026-02-15T17:10:07.449633
a6b62fcb-dfcb-5719-b319-cbcde591c466,19,1,46400,0,4640,46400,51040,,DN-a6b62fcb,,2026-02-15T17:10:07.449633,2026-02-15T17:10:07.449633,,,False,2026-02-15T17:10:07.449633,2026-02-15T17:10:07.449633
2746b070-df8a-5def-be61-9f4c4e7641d2,22,1,178500,0,17850,178500,196350,,DN-2746b070,,2026-02-15T17:10:07.449633,2026-02-15T17:10:07.449633,,,False,2026-02-15T17:10:07.449633,2026-02-15T17:10:07.449633
9be65f5e-0073-5466-937d-c0404f891247,24,1,50400,0,5040,50400,55440,,DN-9be65f5e,,2026-02-15T17:10:07.449633,2026-02-15T17:10:07.449633,,,False,2026-02-15T17:10:07.449633,2026-02-15T17:10:07.449633
a722eda4-0c12-561a-9354-3eef9b683041,23,1,80700,0,8070,80700,88770,,DN-a722eda4,,2026-02-15T17:10:07.449633,2026-02-15T17:10:07.449633,,,False,2026-02-15T17:10:07.449633,2026-02-15T17:10:07.449633
346de658-5972-5ddb-9ebe-6c62add20541,26,1,12800,0,1280,12800,14080,,DN-346de658,,2026-02-15T17:10:07.449633,2026-02-15T17:10:07.449633,,,False,2026-02-15T17:10:07.449633,2026-02-15T17:10:07.449633
f0eaafd9-7a2f-5d1e-a7ea-31cbbe8666fd,28,1,59300,0,5930,59300,65230,,DN-f0eaafd9,,2026-02-15T17:10:07.449633,2026-02-15T17:10:07.449633,,,False,2026-02-15T17:10:07.449633,2026-02-15T17:10:07.449633
8dbc4d69-a4c8-5076-b40f-8232590857c1,9,1,45000,0,4500,45000,49500,,DN-8dbc4d69,,2026-02-15T17:10:07.449633,2026-02-15T17:10:07.449633,,,False,2026-02-15T17:10:07.449633,2026-02-15T17:10:07.449633
c826c772-caf8-5c36-9f13-ebf8ed122cb7,3,1,6000,0,600,6000,6600,,DN-c826c772,,2026-02-15T17:10:07.449633,2026-02-15T17:10:07.449633,,,False,2026-02-15T17:10:07.449633,2026-02-15T17:10:07.449633
adea42c8-d66a-5580-bea8-1384bd4e5592,1,1,15600,0,1560,15600,17160,,DN-adea42c8,,2026-02-15T17:10:07.449633,2026-02-15T17:10:07.449633,,,True,2026-02-15T17:10:07.449633,2026-02-15T17:10:07.449633
83e44932-0619-5932-84a1-721bfe259cc5,1,1,1200,0,120,1200,1320,,DN-83e44932,,2026-02-15T17:10:07.449633,2026-02-15T17:10:07.449633,,,True,2026-02-15T17:10:07.449633,2026-02-15T17:10:07.449633
b81311c8-71b1-503b-814a-35bb6a35c95d,1,1,6000,0,600,6000,6600,,DN-b81311c8,,2026-02-15T17:10:07.449633,2026-02-15T17:10:07.449633,,,True,2026-02-15T17:10:07.449633,2026-02-15T17:10:07.449633
eb5b272d-2908-549b-95e8-e7e46c57043e,1,1,6000,0,600,6000,6600,,DN-eb5b272d,,2026-02-15T17:10:07.449633,2026-02-15T17:10:07.449633,,,True,2026-02-15T17:10:07.449633,2026-02-15T17:10:07.449633
d1083dc0-bb44-51f1-83db-e1c37535270d,1,1,2400,0,240,2400,2640,,DN-d1083dc0,,2026-02-15T17:10:07.449633,2026-02-15T17:10:07.449633,,,True,2026-02-15T17:10:07.449633,2026-02-15T17:10:07.449633
875cad2e-a954-56ca-9929-9a062d32c318,1,1,17500,0,1750,17500,19250,,DN-875cad2e,,2026-02-15T17:10:07.449633,2026-02-15T17:10:07.449633,,,True,2026-02-15T17:10:07.449633,2026-02-15T17:10:07.449633
81fc2ab5-4f3d-5971-9ced-1e3a9e3b9a51,23,1,61900,0,6190,61900,68090,,DN-81fc2ab5,,2026-02-15T17:10:07.449633,2026-02-15T17:10:07.449633,,,False,2026-02-15T17:10:07.449633,2026-02-15T17:10:07.449633
a3b4fb50-df94-540d-bf44-629ee3779383,2,1,254000,0,25400,254000,279400,,DN-a3b4fb50,,2026-02-15T17:10:07.449633,2026-02-15T17:10:07.449633,,,False,2026-02-15T17:10:07.449633,2026-02-15T17:10:07.449633
3dacc520-8bba-5eb1-a35e-2e806437b866,8,1,319700,0,31970,319700,351670,,DN-3dacc520,,2026-02-15T17:10:07.449633,2026-02-15T17:10:07.449633,,,False,2026-02-15T17:10:07.449633,2026-02-15T17:10:07.449633
67fcf8cb-ce52-59b8-8cb9-db923cdae20e,12,1,525000,0,52500,525000,577500,,DN-67fcf8cb,,2026-02-15T17:10:07.449633,2026-02-15T17:10:07.449633,,,False,2026-02-15T17:10:07.449633,2026-02-15T17:10:07.449633
9c81edf7-d5c8-5167-87da-0cc266d24225,7,1,906200,0,90620,906200,996820,,DN-9c81edf7,,2026-02-15T17:10:07.449633,2026-02-15T17:10:07.449633,,,False,2026-02-15T17:10:07.449633,2026-02-15T17:10:07.449633
ad7037b8-e02c-52c8-9725-84df309da190,10,1,61200,0,6120,61200,67320,,DN-ad7037b8,,2026-02-15T17:10:07.449633,2026-02-15T17:10:07.449633,,,False,2026-02-15T17:10:07.449633,2026-02-15T17:10:07.449633
5ea05e49-0721-5a00-a8d9-db0b0d7916e5,11,1,48200,0,4820,48200,53020,,DN-5ea05e49,,2026-02-15T17:10:07.449633,2026-02-15T17:10:07.449633,,,False,2026-02-15T17:10:07.449633,2026-02-15T17:10:07.449633
4e531fb8-b97c-51b6-8c96-c6e4199608f9,19,1,273400,0,27340,273400,300740,,DN-4e531fb8,,2026-02-15T17:10:07.449633,2026-02-15T17:10:07.449633,,,False,2026-02-15T17:10:07.449633,2026-02-15T17:10:07.449633
41ba2f88-bcf8-5fee-9de0-95a12745f210,22,1,416400,0,41640,416400,458040,,DN-41ba2f88,,2026-02-15T17:10:07.449633,2026-02-15T17:10:07.449633,,,False,2026-02-15T17:10:07.449633,2026-02-15T17:10:07.449633
52a35388-c771-5fd7-bc5c-43fa0daa46ef,21,1,81300,0,8130,81300,89430,,DN-52a35388,,2026-02-15T17:10:07.449633,2026-02-15T17:10:07.449633,,,False,2026-02-15T17:10:07.449633,2026-02-15T17:10:07.449633
4276d0b0-5ae5-53f2-8a5f-f44fbb9434e2,25,1,84100,0,8410,84100,92510,,DN-4276d0b0,,2026-02-15T17:10:07.449633,2026-02-15T17:10:07.449633,,,False,2026-02-15T17:10:07.449633,2026-02-15T17:10:07.449633
f48be43a-f611-5869-b6f6-8ae060063a85,24,1,204100,0,20410,204100,224510,,DN-f48be43a,,2026-02-15T17:10:07.449633,2026-02-15T17:10:07.449633,,,False,2026-02-15T17:10:07.449633,2026-02-15T17:10:07.449633
a11a663f-ce5a-51f3-b61b-68efe772a73a,28,1,111800,0,11180,111800,122980,,DN-a11a663f,,2026-02-15T17:10:07.449633,2026-02-15T17:10:07.449633,,,False,2026-02-15T17:10:07.449633,2026-02-15T17:10:07.449633
88152021-03ce-57bc-8767-61ec597f49ba,29,1,108600,0,10860,108600,119460,,DN-88152021,,2026-02-15T17:10:07.449633,2026-02-15T17:10:07.449633,,,False,2026-02-15T17:10:07.449633,2026-02-15T17:10:07.449633
29620fd7-7ee4-5b5e-b1f9-08e02447e3c3,17,1,60500,0,6050,60500,66550,,DN-29620fd7,,2026-02-15T17:10:07.449633,2026-02-15T17:10:07.449633,,,False,2026-02-15T17:10:07.449633,2026-02-15T17:10:07.449633
81dc1496-3f53-58f3-800f-1051abfd7a6b,1,1,951700,0,95170,951700,1046870,,DN-81dc1496,,2026-02-15T17:10:07.449633,2026-02-15T17:10:07.449633,,,False,2026-02-15T17:10:07.449633,2026-02-15T17:10:07.449633
f24f2510-78f8-5edf-8f38-2937e3c5d08f,9,1,93500,0,9350,93500,102850,,DN-f24f2510,,2026-02-15T17:10:07.449633,2026-02-15T17:10:07.449633,,,False,2026-02-15T17:10:07.449633,2026-02-15T17:10:07.449633
c106834b-8a13-5a4c-8370-6ad64cbbca24,29,1,49100,0,4910,49100,54010,,DN-c106834b,,2026-02-15T17:10:07.449633,2026-02-15T17:10:07.449633,,,False,2026-02-15T17:10:07.449633,2026-02-15T17:10:07.449633
ee8040ed-0e27-414b-8962-e00ac33e511a,12,1,15000,0,1500,15000,16500,,DN-ee8040ed,,2026-02-15T17:10:07.449633,2026-02-15T17:10:07.449633,,,False,2026-02-15T17:10:07.449633,2026-02-15T17:10:07.449633
f6d934d3-20a8-40cd-babe-373175f4396b,22,1,144000,0,14400,144000,158400,,DN-f6d934d3,,2026-02-15T17:10:07.449633,2026-02-15T17:10:07.449633,,,False,2026-02-15T17:10:07.449633,2026-02-15T17:10:07.449633
eed55d95-6d1d-445d-b3f6-f3b8db13bc1d,17,1,57500,0,5750,57500,63250,,DN-eed55d95,,2026-02-15T17:10:07.449633,2026-02-15T17:10:07.449633,,,False,2026-02-15T17:10:07.449633,2026-02-15T17:10:07.449633
9037cf52-95f4-4f3e-85fa-19f30f8cb3e3,22,1,3000,0,300,3000,3300,,DN-9037cf52,,2026-02-15T17:10:07.449633,2026-02-15T17:10:07.449633,,,False,2026-02-15T17:10:07.449633,2026-02-15T17:10:07.449633
1bd1951a-a8ce-4ed4-997d-605177cae30d,8,1,11100,0,1110,11100,12210,,DN-1bd1951a,,2026-02-15T17:10:07.449633,2026-02-15T17:10:07.449633,,,False,2026-02-15T17:10:07.449633,2026-02-15T17:10:07.449633
d3a80c87-455d-4841-9763-3c85f9278001,28,1,27000,0,2700,27000,29700,,DN-d3a80c87,,2026-02-15T17:10:07.449633,2026-02-15T17:10:07.449633,,,False,2026-02-15T17:10:07.449633,2026-02-15T17:10:07.449633
23a8dc19-fa79-492d-b0b7-01734d5dcdb6,29,1,6600,0,660,6600,7260,,DN-23a8dc19,,2026-02-15T17:10:07.449633,2026-02-15T17:10:07.449633,,,False,2026-02-15T17:10:07.449633,2026-02-15T17:10:07.449633
83999c63-4078-4242-b41a-47bdc71ca454,22,1,37200,0,3720,37200,40920,,DN-83999c63,,2026-02-15T17:10:07.449633,2026-02-15T17:10:07.449633,,,False,2026-02-15T17:10:07.449633,2026-02-15T17:10:07.449633
2d561b73-15aa-45fa-859c-a466b205ea97,9,1,25000,0,2500,25000,27500,,DN-2d561b73,,2026-02-15T17:10:07.449633,2026-02-15T17:10:07.449633,,,False,2026-02-15T17:10:07.449633,2026-02-15T17:10:07.449633
23de0538-c0f0-4039-893d-9c4d4adac8f4,8,1,203000,0,20300,203000,223300,,DN-23de0538,,2026-02-15T17:10:07.449633,2026-02-15T17:10:07.449633,,,False,2026-02-15T17:10:07.449633,2026-02-15T17:10:07.449633
61762da6-9624-451a-b291-59374bc50b7b,21,1,31200,0,3120,31200,34320,,DN-61762da6,,2026-02-15T17:10:07.449633,2026-02-15T17:10:07.449633,,,False,2026-02-15T17:10:07.449633,2026-02-15T17:10:07.449633
329190fe-760e-4421-b86c-de5b3933be8e,1,1,3000,0,300,3000,3300,,DN-329190fe,,2026-02-15T17:10:07.449633,2026-02-15T17:10:07.449633,,,True,2026-02-15T17:10:07.449633,2026-02-15T17:10:07.449633
8dc46a31-2eb6-47dd-baa9-1347c2e1190a,19,1,57200,0,5720,57200,62920,,DN-8dc46a31,,2026-02-15T17:10:07.449633,2026-02-15T17:10:07.449633,,,False,2026-02-15T17:10:07.449633,2026-02-15T17:10:07.449633
ec871410-13ae-48cf-88d5-6f36ad02468e,24,1,40200,0,4020,40200,44220,,DN-ec871410,,2026-02-15T17:10:07.449633,2026-02-15T17:10:07.449633,,,False,2026-02-15T17:10:07.449633,2026-02-15T17:10:07.449633
a78dbb29-de89-49c8-b31e-5ee0dd86decf,1,1,18000,0,1800,18000,19800,,DN-a78dbb29,,2026-02-15T17:10:07.449633,2026-02-15T17:10:07.449633,,,True,2026-02-15T17:10:07.449633,2026-02-15T17:10:07.449633
b20ac73d-d0c4-4a54-b37d-e8f3d0001d5c,24,1,36000,0,3600,36000,39600,,DN-b20ac73d,,2026-02-15T17:10:07.449633,2026-02-15T17:10:07.449633,,,False,2026-02-15T17:10:07.449633,2026-02-15T17:10:07.449633
c79e79e0-72c6-4900-8b09-4625f629f87b,1,1,0,0,0,0,0,,DN-c79e79e0,,2026-02-15T17:10:07.449633,2026-02-15T17:10:07.449633,,,True,2026-02-15T17:10:07.449633,2026-02-15T17:10:07.449633
cc887886-a36c-4210-90cf-65e632e1e673,8,1,18000,0,1800,18000,19800,,DN-cc887886,,2026-02-15T17:10:07.449633,2026-02-15T17:10:07.449633,,,False,2026-02-15T17:10:07.449633,2026-02-15T17:10:07.449633
2edbde04-841f-451b-947a-9b17a2d88906,28,1,42000,0,4200,42000,46200,,DN-2edbde04,,2026-02-15T17:10:07.449633,2026-02-15T17:10:07.449633,,,False,2026-02-15T17:10:07.449633,2026-02-15T17:10:07.449633
29aca9fd-3123-4d43-93cd-62d6bc1d7f10,2,1,43200,0,4320,43200,47520,,DN-29aca9fd,,2026-02-15T17:10:07.449633,2026-02-15T17:10:07.449633,,,False,2026-02-15T17:10:07.449633,2026-02-15T17:10:07.449633
402a2ba0-1b24-4d75-ba7a-35466f367351,12,1,43200,0,4320,43200,47520,,DN-402a2ba0,,2026-02-15T17:10:07.449633,2026-02-15T17:10:07.449633,,,False,2026-02-15T17:10:07.449633,2026-02-15T17:10:07.449633
156886fa-102c-42c8-8b9f-a6e219842bee,18,1,42800,0,4280,42800,47080,,DN-156886fa,,2026-02-15T17:10:07.449633,2026-02-15T17:10:07.449633,,,False,2026-02-15T17:10:07.449633,2026-02-15T17:10:07.449633
ab0fd77c-0285-4320-8ec2-6019b25f2fd8,9,1,96400,0,9640,96400,106040,,DN-ab0fd77c,,2026-02-15T17:10:07.449633,2026-02-15T17:10:07.449633,,,False,2026-02-15T17:10:07.449633,2026-02-15T17:10:07.449633
ba6747c3-3b07-4c35-989f-943034dd4af8,22,1,25200,0,2520,25200,27720,,DN-ba6747c3,,2026-02-15T17:10:07.449633,2026-02-15T17:10:07.449633,,,False,2026-02-15T17:10:07.449633,2026-02-15T17:10:07.449633
8cfd8dd5-cd8a-41a4-9277-d8a0952495cd,12,1,212400,0,21240,212400,233640,,DN-8cfd8dd5,,2026-02-15T17:10:07.449633,2026-02-15T17:10:07.449633,,,False,2026-02-15T17:10:07.449633,2026-02-15T17:10:07.449633
0cd84653-72a3-43ee-8982-399063687116,28,1,40100,0,4010,40100,44110,,DN-0cd84653,,2026-02-15T17:10:07.449633,2026-02-15T17:10:07.449633,,,False,2026-02-15T17:10:07.449633,2026-02-15T17:10:07.449633
641a1514-d95e-449b-89e7-66988691f30d,21,1,0,0,0,0,0,,DN-641a1514,,2026-02-15T17:10:07.449633,2026-02-15T17:10:07.449633,,,False,2026-02-15T17:10:07.449633,2026-02-15T17:10:07.449633
b4829478-6a72-435c-8070-13e53ef0be7a,22,1,3000,0,300,3000,3300,,DN-b4829478,,2026-02-15T17:10:07.449633,2026-02-15T17:10:07.449633,,,False,2026-02-15T17:10:07.449633,2026-02-15T17:10:07.449633
3ca039f2-9de5-4065-b564-8059782e615c,22,1,45500,0,4550,45500,50050,,DN-3ca039f2,,2026-02-15T17:10:07.449633,2026-02-15T17:10:07.449633,,,False,2026-02-15T17:10:07.449633,2026-02-15T17:10:07.449633
0836c14a-89a8-41db-8f3a-fb2c7a9ba5ed,9,1,21000,0,2100,21000,23100,,DN-0836c14a,,2026-02-15T17:10:07.449633,2026-02-15T17:10:07.449633,,,False,2026-02-15T17:10:07.449633,2026-02-15T17:10:07.449633
f79f6bb7-cfd7-43a0-9167-dbfcc7ef24d3,12,1,230000,0,23000,230000,253000,,DN-f79f6bb7,,2026-02-15T17:10:07.449633,2026-02-15T17:10:07.449633,,,False,2026-02-15T17:10:07.449633,2026-02-15T17:10:07.449633
22e5145b-eca3-4f66-8c57-6f320b349dfb,7,1,0,0,0,0,0,,DN-22e5145b,,2026-02-15T17:10:07.449633,2026-02-15T17:10:07.449633,,,True,2026-02-15T17:10:07.449633,2026-02-15T17:10:07.449633
f2ce1376-40c8-423e-adee-ef98eba4d27e,28,1,19500,0,1950,19500,21450,,DN-f2ce1376,,2026-02-15T17:10:07.449633,2026-02-15T17:10:07.449633,,,False,2026-02-15T17:10:07.449633,2026-02-15T17:10:07.449633
d09db9a6-0a7e-4e43-b863-7890fa821e8c,11,1,48200,0,4820,48200,53020,,DN-d09db9a6,,2026-02-15T17:10:07.449633,2026-02-15T17:10:07.449633,,,False,2026-02-15T17:10:07.449633,2026-02-15T17:10:07.449633
3654fff8-c683-4320-bd94-8c8097292190,28,1,30200,0,3020,30200,33220,,DN-3654fff8,,2026-02-15T17:10:07.449633,2026-02-15T17:10:07.449633,,,False,2026-02-15T17:10:07.449633,2026-02-15T17:10:07.449633
099991f6-5efb-450e-8b97-47c63a830044,7,1,0,0,0,0,0,,DN-099991f6,,2026-02-15T17:10:07.449633,2026-02-15T17:10:07.449633,,,True,2026-02-15T17:10:07.449633,2026-02-15T17:10:07.449633
309316d8-6a56-49d5-930f-7641afec158e,24,1,14400,0,1440,14400,15840,,DN-309316d8,,2026-02-15T17:10:07.449633,2026-02-15T17:10:07.449633,,,False,2026-02-15T17:10:07.449633,2026-02-15T17:10:07.449633
2b74324a-cd4a-4d8e-bb88-bf9306d5e0a4,7,1,3000,0,300,3000,3300,,DN-2b74324a,,2026-02-15T17:10:07.449633,2026-02-15T17:10:07.449633,,,True,2026-02-15T17:10:07.449633,2026-02-15T17:10:07.449633
c3eb6df2-364a-411b-9ddc-f8da4c17dbd2,21,1,0,0,0,0,0,,DN-c3eb6df2,,2026-02-15T17:10:07.449633,2026-02-15T17:10:07.449633,,,True,2026-02-15T17:10:07.449633,2026-02-15T17:10:07.449633
ca3c549e-bdda-4b50-85ce-95432de60305,29,1,39500,0,3950,39500,43450,,DN-ca3c549e,,2026-02-15T17:10:07.449633,2026-02-15T17:10:07.449633,,,False,2026-02-15T17:10:07.449633,2026-02-15T17:10:07.449633
91b40baf-58c1-4c83-bd54-cb32947aeb07,22,1,30000,0,3000,30000,33000,,DN-91b40baf,,2026-02-15T17:10:07.449633,2026-02-15T17:10:07.449633,,,False,2026-02-15T17:10:07.449633,2026-02-15T17:10:07.449633
a888b749-2e3f-54c6-8efb-43dab463bba8,28,1,19000,0,1900,19000,20900,,DN-a888b749,,2026-02-15T17:10:07.449633,2026-02-15T17:10:07.449633,,,False,2026-02-15T17:10:07.449633,2026-02-15T17:10:07.449633
d8636d14-fee7-538e-8b71-276724f52def,21,1,0,0,0,0,0,,DN-d8636d14,,2026-02-15T17:10:07.449633,2026-02-15T17:10:07.449633,,,True,2026-02-15T17:10:07.449633,2026-02-15T17:10:07.449633
150f33bb-1c8b-5809-a4f8-755d2ed4ea8a,21,1,5000,0,500,5000,5500,,DN-150f33bb,,2026-02-15T17:10:07.449633,2026-02-15T17:10:07.449633,,,True,2026-02-15T17:10:07.449633,2026-02-15T17:10:07.449633
ccfbd573-9a7f-5320-a512-406855169cec,6,1,0,0,0,0,0,,DN-ccfbd573,,2026-02-15T17:10:07.449633,2026-02-15T17:10:07.449633,,,True,2026-02-15T17:10:07.449633,2026-02-15T17:10:07.449633
b3a14000-79b6-57e8-a015-3190fc2dcb31,31,1,53000,0,5300,53000,58300,,DN-b3a14000,,2026-02-15T17:10:07.449633,2026-02-15T17:10:07.449633,,,False,2026-02-15T17:10:07.449633,2026-02-15T17:10:07.449633
f09f8e26-d82e-5741-a3bd-228e21282426,7,1,479400,0,47940,479400,527340,,DN-f09f8e26,,2026-02-15T17:10:07.449633,2026-02-15T17:10:07.449633,,,False,2026-02-15T17:10:07.449633,2026-02-15T17:10:07.449633
746f857b-e2e1-550a-9e03-f768266c9970,21,1,12200,0,1220,12200,13420,,DN-746f857b,,2026-02-15T17:10:07.449633,2026-02-15T17:10:07.449633,,,False,2026-02-15T17:10:07.449633,2026-02-15T17:10:07.449633
bedc0d30-4eaf-5b00-9006-14abc9ef8cae,21,1,14400,0,1440,14400,15840,,DN-bedc0d30,,2026-02-15T17:10:07.449633,2026-02-15T17:10:07.449633,,,False,2026-02-15T17:10:07.449633,2026-02-15T17:10:07.449633
35ec5492-4408-5041-96c9-738f86e39c25,1,1,0,0,0,0,0,,DN-35ec5492,,2026-02-15T17:10:07.449633,2026-02-15T17:10:07.449633,,,True,2026-02-15T17:10:07.449633,2026-02-15T17:10:07.449633
74487c51-2f57-5f54-9111-937ce2a8e252,1,1,1200,0,120,1200,1320,,DN-74487c51,,2026-02-15T17:10:07.449633,2026-02-15T17:10:07.449633,,,True,2026-02-15T17:10:07.449633,2026-02-15T17:10:07.449633
40224422-661c-5e93-a72c-c0be51d4dfbf,1,1,802000,0,80200,802000,882200,,DN-40224422,,2026-02-15T17:10:07.449633,2026-02-15T17:10:07.449633,,,False,2026-02-15T17:10:07.449633,2026-02-15T17:10:07.449633
6c0972fc-288b-515f-a4c9-d0fea071c39e,32,1,45000,0,4500,45000,49500,,DN-6c0972fc,,2026-02-15T17:10:07.450634,2026-02-15T17:10:07.450634,,,False,2026-02-15T17:10:07.450634,2026-02-15T17:10:07.450634
7c64803a-38a4-4c4f-91ec-284c4b61ba76,33,1,33200,0,3320,33200,36520,,DN-7c64803a,,2026-02-15T17:10:07.450634,2026-02-15T17:10:07.450634,,,False,2026-02-15T17:10:07.450634,2026-02-15T17:10:07.450634
f4f87a81-67d9-4b44-b70e-da19e5e35139,1,1,18000,0,1800,18000,19800,,DN-f4f87a81,,2026-02-15T17:10:07.450634,2026-02-15T17:10:07.450634,,,False,2026-02-15T17:10:07.450634,2026-02-15T17:10:07.450634
a60c1f8c-4494-48e9-92aa-8059a8475685,1,1,36000,0,3600,36000,39600,,DN-a60c1f8c,,2026-02-15T17:10:07.450634,2026-02-15T17:10:07.450634,,,False,2026-02-15T17:10:07.450634,2026-02-15T17:10:07.450634
93bf2eb8-171a-4df4-9023-75535c0dec0d,19,1,64400,0,6440,64400,70840,,DN-93bf2eb8,,2026-02-15T17:10:07.450634,2026-02-15T17:10:07.450634,,,False,2026-02-15T17:10:07.450634,2026-02-15T17:10:07.450634
91da90e1-7298-40f2-bf12-1f710d882d7d,22,1,2500,0,250,2500,2750,,DN-91da90e1,,2026-02-15T17:10:07.450634,2026-02-15T17:10:07.450634,,,False,2026-02-15T17:10:07.450634,2026-02-15T17:10:07.450634
97d01b3c-60f7-496b-9191-43b5cab24b89,34,1,10000,0,1000,10000,11000,,DN-97d01b3c,,2026-02-15T17:10:07.450634,2026-02-15T17:10:07.450634,,,False,2026-02-15T17:10:07.450634,2026-02-15T17:10:07.450634
79427b88-2689-4e14-a172-9d275dd7545f,21,1,25200,0,2520,25200,27720,,DN-79427b88,,2026-02-15T17:10:07.450634,2026-02-15T17:10:07.450634,,,False,2026-02-15T17:10:07.450634,2026-02-15T17:10:07.450634
a3ae91e2-9541-4394-9cc9-aa8353ee3dc1,8,1,10000,0,1000,10000,11000,,DN-a3ae91e2,,2026-02-15T17:10:07.450634,2026-02-15T17:10:07.450634,,,False,2026-02-15T17:10:07.450634,2026-02-15T17:10:07.450634
231d402a-5978-4ecc-a1a5-9d9aacda1b6d,24,1,72000,0,7200,72000,79200,,DN-231d402a,,2026-02-15T17:10:07.450634,2026-02-15T17:10:07.450634,,,False,2026-02-15T17:10:07.450634,2026-02-15T17:10:07.450634
db91352d-cc03-4bb1-9adb-99b423aa2811,24,1,24900,0,2490,24900,27390,,DN-db91352d,,2026-02-15T17:10:07.450634,2026-02-15T17:10:07.450634,,,False,2026-02-15T17:10:07.450634,2026-02-15T17:10:07.450634
f7df50f3-f383-4fcf-a3c1-31b8b5e50340,19,1,90000,0,9000,90000,99000,,DN-f7df50f3,,2026-02-15T17:10:07.450634,2026-02-15T17:10:07.450634,,,False,2026-02-15T17:10:07.450634,2026-02-15T17:10:07.450634
cdf33351-14d0-4aee-8611-8a51fd6bad5f,28,1,70000,0,7000,70000,77000,,DN-cdf33351,,2026-02-15T17:10:07.450634,2026-02-15T17:10:07.450634,,,False,2026-02-15T17:10:07.450634,2026-02-15T17:10:07.450634
7147760c-9646-4646-a6bd-45d9fc3f81f7,1,1,210000,0,21000,210000,231000,,DN-7147760c,,2026-02-15T17:10:07.450634,2026-02-15T17:10:07.450634,,,False,2026-02-15T17:10:07.450634,2026-02-15T17:10:07.450634
d31ebcaf-197b-4200-ba2d-d9cd03ea88f6,32,1,15000,0,1500,15000,16500,,DN-d31ebcaf,,2026-02-15T17:10:07.450634,2026-02-15T17:10:07.450634,,,False,2026-02-15T17:10:07.450634,2026-02-15T17:10:07.450634
182b951f-5cc6-4713-87cc-cedff50963cd,19,1,99000,0,9900,99000,108900,,DN-182b951f,,2026-02-15T17:10:07.450634,2026-02-15T17:10:07.450634,,,False,2026-02-15T17:10:07.450634,2026-02-15T17:10:07.450634
86566c25-473f-490a-b818-67f0bb12ba25,24,1,39600,0,3960,39600,43560,,DN-86566c25,,2026-02-15T17:10:07.450634,2026-02-15T17:10:07.450634,,,False,2026-02-15T17:10:07.450634,2026-02-15T17:10:07.450634
45457212-2aee-42f6-aef5-523c497dbcb3,8,1,239000,0,23900,239000,262900,,DN-45457212,,2026-02-15T17:10:07.450634,2026-02-15T17:10:07.450634,,,False,2026-02-15T17:10:07.450634,2026-02-15T17:10:07.450634
f1855832-77e7-403f-8b7d-d13d0ccf3644,22,1,8500,0,850,8500,9350,,DN-f1855832,,2026-02-15T17:10:07.450634,2026-02-15T17:10:07.450634,,,False,2026-02-15T17:10:07.450634,2026-02-15T17:10:07.450634
884af249-f439-47f6-9983-358f248ffac3,31,1,55200,0,5520,55200,60720,,DN-884af249,,2026-02-15T17:10:07.450634,2026-02-15T17:10:07.450634,,,False,2026-02-15T17:10:07.450634,2026-02-15T17:10:07.450634
c58006a5-629c-4e06-b243-b69a5b2846ae,21,1,15000,0,1500,15000,16500,,DN-c58006a5,,2026-02-15T17:10:07.450634,2026-02-15T17:10:07.450634,,,False,2026-02-15T17:10:07.450634,2026-02-15T17:10:07.450634
ce50ae36-d22f-4680-a6f1-201747aab12e,24,1,87000,0,8700,87000,95700,,DN-ce50ae36,,2026-02-15T17:10:07.450634,2026-02-15T17:10:07.450634,,,False,2026-02-15T17:10:07.450634,2026-02-15T17:10:07.450634
01cb70a7-380b-476d-82b0-b692b6da19a1,12,1,3000,0,300,3000,3300,,DN-01cb70a7,,2026-02-15T17:10:07.450634,2026-02-15T17:10:07.450634,,,False,2026-02-15T17:10:07.450634,2026-02-15T17:10:07.450634
eb92a0cb-d405-4990-8616-fd42dbc66c32,1,1,203000,0,20300,203000,223300,,DN-eb92a0cb,,2026-02-15T17:10:07.450634,2026-02-15T17:10:07.450634,,,False,2026-02-15T17:10:07.450634,2026-02-15T17:10:07.450634
a3cebcf1-aa34-4e32-ae95-a89815535962,12,1,23900,0,2390,23900,26290,,DN-a3cebcf1,,2026-02-15T17:10:07.450634,2026-02-15T17:10:07.450634,,,False,2026-02-15T17:10:07.450634,2026-02-15T17:10:07.450634
0e415d10-9044-42bf-91a4-d2a40751da18,22,1,220900,0,22090,220900,242990,,DN-0e415d10,,2026-02-15T17:10:07.450634,2026-02-15T17:10:07.450634,,,False,2026-02-15T17:10:07.450634,2026-02-15T17:10:07.450634
1d923067-771c-450a-895a-7e4aa4efdf60,22,1,5000,0,500,5000,5500,,DN-1d923067,,2026-02-15T17:10:07.450634,2026-02-15T17:10:07.450634,,,False,2026-02-15T17:10:07.450634,2026-02-15T17:10:07.450634
95e1dcf1-f7e8-4e0a-82cc-596119974af0,12,1,210000,0,21000,210000,231000,,DN-95e1dcf1,,2026-02-15T17:10:07.450634,2026-02-15T17:10:07.450634,,,False,2026-02-15T17:10:07.450634,2026-02-15T17:10:07.450634
90480ea8-166a-4bc5-b5fe-0bfaf6a9d8c5,19,1,21600,0,2160,21600,23760,,DN-90480ea8,,2026-02-15T17:10:07.450634,2026-02-15T17:10:07.450634,,,False,2026-02-15T17:10:07.450634,2026-02-15T17:10:07.450634
022716d3-65ce-4878-ac4e-b5055f3c8111,11,1,45100,0,4510,45100,49610,,DN-022716d3,,2026-02-15T17:10:07.450634,2026-02-15T17:10:07.450634,,,False,2026-02-15T17:10:07.450634,2026-02-15T17:10:07.450634
903ecafe-b6b7-4420-a348-9b5f21508f7d,29,1,42000,0,4200,42000,46200,,DN-903ecafe,,2026-02-15T17:10:07.450634,2026-02-15T17:10:07.450634,,,False,2026-02-15T17:10:07.450634,2026-02-15T17:10:07.450634
b739b246-3e18-41b3-a14a-222af17e5d6d,1,1,12500,0,1250,12500,13750,,DN-b739b246,,2026-02-15T17:10:07.450634,2026-02-15T17:10:07.450634,,,False,2026-02-15T17:10:07.450634,2026-02-15T17:10:07.450634
b8f7e144-85fe-4fe3-a497-5457a4e9bffc,2,1,42000,0,4200,42000,46200,,DN-b8f7e144,,2026-02-15T17:10:07.450634,2026-02-15T17:10:07.450634,,,False,2026-02-15T17:10:07.450634,2026-02-15T17:10:07.450634
21a910a3-2cef-4c5f-9a78-6fb8e680662b,9,1,155100,0,15510,155100,170610,,DN-21a910a3,,2026-02-15T17:10:07.450634,2026-02-15T17:10:07.450634,,,False,2026-02-15T17:10:07.450634,2026-02-15T17:10:07.450634
3211cda3-fd50-4141-bb8e-9e32518a067c,32,1,48600,0,4860,48600,53460,,DN-3211cda3,,2026-02-15T17:10:07.450634,2026-02-15T17:10:07.450634,,,False,2026-02-15T17:10:07.450634,2026-02-15T17:10:07.450634
3166d2e8-e422-4b72-afb0-96315435103a,20,1,32500,0,3250,32500,35750,,DN-3166d2e8,,2026-02-15T17:10:07.450634,2026-02-15T17:10:07.450634,,,False,2026-02-15T17:10:07.450634,2026-02-15T17:10:07.450634
f3d683a4-8164-4848-9e77-0ba59107f255,12,1,17200,0,1720,17200,18920,,DN-f3d683a4,,2026-02-15T17:10:07.450634,2026-02-15T17:10:07.450634,,,False,2026-02-15T17:10:07.450634,2026-02-15T17:10:07.450634
d80522b8-691f-4878-b614-5a466d3cee51,34,1,3000,0,300,3000,3300,,DN-d80522b8,,2026-02-15T17:10:07.450634,2026-02-15T17:10:07.450634,,,False,2026-02-15T17:10:07.450634,2026-02-15T17:10:07.450634
61dc3ce5-211a-4e43-ac86-adc8e272aea2,7,1,126800,0,12680,126800,139480,,DN-61dc3ce5,,2026-02-15T17:10:07.450634,2026-02-15T17:10:07.450634,,,False,2026-02-15T17:10:07.450634,2026-02-15T17:10:07.450634
101d751c-5d6a-4989-a579-5ce53620dc64,8,1,15500,0,1550,15500,17050,,DN-101d751c,,2026-02-15T17:10:07.450634,2026-02-15T17:10:07.450634,,,False,2026-02-15T17:10:07.450634,2026-02-15T17:10:07.450634
1163f18d-79cd-4d64-961a-d3046455f3df,7,1,231000,0,23100,231000,254100,,DN-1163f18d,,2026-02-15T17:10:07.450634,2026-02-15T17:10:07.450634,,,False,2026-02-15T17:10:07.450634,2026-02-15T17:10:07.450634
f7463551-ba03-4e4d-86d9-0117550f65a8,12,1,3000,0,300,3000,3300,,DN-f7463551,,2026-02-15T17:10:07.450634,2026-02-15T17:10:07.450634,,,False,2026-02-15T17:10:07.450634,2026-02-15T17:10:07.450634
139cb859-8cbe-4e44-b844-7c9bce79f6a8,12,1,7200,0,720,7200,7920,,DN-139cb859,,2026-02-15T17:10:07.450634,2026-02-15T17:10:07.450634,,,False,2026-02-15T17:10:07.450634,2026-02-15T17:10:07.450634
91506af1-dca5-47f3-9128-d4d2b5c173c9,34,1,18200,0,1820,18200,20020,,DN-91506af1,,2026-02-15T17:10:07.450634,2026-02-15T17:10:07.450634,,,False,2026-02-15T17:10:07.450634,2026-02-15T17:10:07.450634
a9f3161e-9b35-48f4-9cb9-3c2795166681,7,1,25200,0,2520,25200,27720,,DN-a9f3161e,,2026-02-15T17:10:07.450634,2026-02-15T17:10:07.450634,,,False,2026-02-15T17:10:07.450634,2026-02-15T17:10:07.450634
f0813d8b-50e1-432d-889f-f848df590b31,34,1,8400,0,840,8400,9240,,DN-f0813d8b,,2026-02-15T17:10:07.450634,2026-02-15T17:10:07.450634,,,False,2026-02-15T17:10:07.450634,2026-02-15T17:10:07.450634
9266fe1e-9225-4e4e-a1a9-7da7395977c4,7,1,130200,0,13020,130200,143220,,DN-9266fe1e,,2026-02-15T17:10:07.450634,2026-02-15T17:10:07.450634,,,False,2026-02-15T17:10:07.450634,2026-02-15T17:10:07.450634
c13b2fa8-5e25-4a54-843d-e98765572039,7,1,10200,0,1020,10200,11220,,DN-c13b2fa8,,2026-02-15T17:10:07.450634,2026-02-15T17:10:07.450634,,,False,2026-02-15T17:10:07.450634,2026-02-15T17:10:07.450634
17b389c6-d814-4e74-bc86-8b6f3f9fd3a3,12,1,16000,0,1600,16000,17600,,DN-17b389c6,,2026-02-15T17:10:07.450634,2026-02-15T17:10:07.450634,,,False,2026-02-15T17:10:07.450634,2026-02-15T17:10:07.450634
0432e36f-e731-5917-ab90-43741c14ebe6,12,1,34900,0,3490,34900,38390,,DN-0432e36f,,2026-02-15T17:10:07.450634,2026-02-15T17:10:07.450634,,,False,2026-02-15T17:10:07.450634,2026-02-15T17:10:07.450634
bda4ba7f-7b75-542c-bf22-4f70d06e4a5f,9,1,9000,0,900,9000,9900,,DN-bda4ba7f,,2026-02-15T17:10:07.450634,2026-02-15T17:10:07.450634,,,False,2026-02-15T17:10:07.450634,2026-02-15T17:10:07.450634
d53a74eb-8a17-5082-830c-e6a31383180b,21,1,38700,0,3870,38700,42570,,DN-d53a74eb,,2026-02-15T17:10:07.450634,2026-02-15T17:10:07.450634,,,False,2026-02-15T17:10:07.450634,2026-02-15T17:10:07.450634
3f0b0d04-5ed2-5200-a191-ab91dfb6c3e4,31,1,19500,0,1950,19500,21450,,DN-3f0b0d04,,2026-02-15T17:10:07.450634,2026-02-15T17:10:07.450634,,,False,2026-02-15T17:10:07.450634,2026-02-15T17:10:07.450634
185a2cef-e147-5d39-a9c6-16c4f01302d1,1,1,1000,0,100,1000,1100,,DN-185a2cef,,2026-02-15T17:10:07.450634,2026-02-15T17:10:07.450634,,,False,2026-02-15T17:10:07.450634,2026-02-15T17:10:07.450634
dc400e00-64ee-5a0e-860a-771795f40b74,1,1,271500,0,27150,271500,298650,,DN-dc400e00,,2026-02-15T17:10:07.450634,2026-02-15T17:10:07.450634,,,False,2026-02-15T17:10:07.450634,2026-02-15T17:10:07.450634
bcbacf9d-5d59-5953-ace5-e02f53c2d5cc,20,1,9700,0,970,9700,10670,,DN-bcbacf9d,,2026-02-15T17:10:07.450634,2026-02-15T17:10:07.450634,,,False,2026-02-15T17:10:07.450634,2026-02-15T17:10:07.450634
0c2a0b6a-bac0-5338-ab0c-652375218761,7,1,48000,0,4800,48000,52800,,DN-0c2a0b6a,,2026-02-15T17:10:07.450634,2026-02-15T17:10:07.450634,,,False,2026-02-15T17:10:07.450634,2026-02-15T17:10:07.450634
fe535e0c-e881-502e-8c52-a83d2f1ac0c6,17,1,42000,0,4200,42000,46200,,DN-fe535e0c,,2026-02-15T17:10:07.450634,2026-02-15T17:10:07.450634,,,False,2026-02-15T17:10:07.450634,2026-02-15T17:10:07.450634
46985a10-4b90-5a80-bb09-a7b9b0f953d1,12,1,231600,0,23160,231600,254760,,DN-46985a10,,2026-02-15T17:10:07.450634,2026-02-15T17:10:07.450634,,,False,2026-02-15T17:10:07.450634,2026-02-15T17:10:07.450634
a47d399a-b61e-5f81-ae08-49a0aca4576b,34,1,3000,0,300,3000,3300,,DN-a47d399a,,2026-02-15T17:10:07.450634,2026-02-15T17:10:07.450634,,,False,2026-02-15T17:10:07.450634,2026-02-15T17:10:07.450634
e2d7fd32-52ff-47af-aa9f-15a7c566f17c,22,1,35400,0,3540,35400,38940,,DN-e2d7fd32,,2026-02-15T17:10:07.450634,2026-02-15T17:10:07.450634,,,False,2026-02-15T17:10:07.450634,2026-02-15T17:10:07.450634
40e4f977-a19a-4e66-a323-160ddbcc9abf,1,1,48000,0,4800,48000,52800,,DN-40e4f977,,2026-02-15T17:10:07.450634,2026-02-15T17:10:07.450634,,,False,2026-02-15T17:10:07.450634,2026-02-15T17:10:07.450634
117451fa-7a15-4cdd-a19e-981c1b2ef364,32,1,41600,0,4160,41600,45760,,DN-117451fa,,2026-02-15T17:10:07.450634,2026-02-15T17:10:07.450634,,,False,2026-02-15T17:10:07.450634,2026-02-15T17:10:07.450634
0e77f5cc-f632-4cf7-a3ee-aaf0ea947362,33,1,31800,0,3180,31800,34980,,DN-0e77f5cc,,2026-02-15T17:10:07.450634,2026-02-15T17:10:07.450634,,,False,2026-02-15T17:10:07.450634,2026-02-15T17:10:07.450634
62838762-642c-425b-9481-884021e34163,31,1,12000,0,1200,12000,13200,,DN-62838762,,2026-02-15T17:10:07.450634,2026-02-15T17:10:07.450634,,,False,2026-02-15T17:10:07.450634,2026-02-15T17:10:07.450634
fca9a178-a54b-432b-b8fe-c41d3d9e8258,9,1,9000,0,900,9000,9900,,DN-fca9a178,,2026-02-15T17:10:07.450634,2026-02-15T17:10:07.450634,,,False,2026-02-15T17:10:07.450634,2026-02-15T17:10:07.450634
11aeae3d-ca07-42f8-a085-47691ec5ff04,28,1,37000,0,3700,37000,40700,,DN-11aeae3d,,2026-02-15T17:10:07.450634,2026-02-15T17:10:07.450634,,,False,2026-02-15T17:10:07.450634,2026-02-15T17:10:07.450634
14c2494b-9884-4b9b-84e8-f1125f25bd91,18,1,45800,0,4580,45800,50380,,DN-14c2494b,,2026-02-15T17:10:07.450634,2026-02-15T17:10:07.450634,,,False,2026-02-15T17:10:07.450634,2026-02-15T17:10:07.450634
cdb53151-06ef-431e-99f2-65fb85c8c887,10,1,68400,0,6840,68400,75240,,DN-cdb53151,,2026-02-15T17:10:07.450634,2026-02-15T17:10:07.450634,,,False,2026-02-15T17:10:07.450634,2026-02-15T17:10:07.450634
a316a60f-245f-433c-b883-4f084feb229e,17,1,42500,0,4250,42500,46750,,DN-a316a60f,,2026-02-15T17:10:07.450634,2026-02-15T17:10:07.450634,,,False,2026-02-15T17:10:07.450634,2026-02-15T17:10:07.450634
12e684b7-f0da-4141-869c-b544e283e618,19,1,86400,0,8640,86400,95040,,DN-12e684b7,,2026-02-15T17:10:07.450634,2026-02-15T17:10:07.450634,,,False,2026-02-15T17:10:07.450634,2026-02-15T17:10:07.450634
6517782c-d142-451e-899e-d1ed848b7a32,34,1,9000,0,900,9000,9900,,DN-6517782c,,2026-02-15T17:10:07.450634,2026-02-15T17:10:07.450634,,,False,2026-02-15T17:10:07.450634,2026-02-15T17:10:07.450634
2bd6d19f-d37d-4b69-bb4e-a4a9ea1d6dcc,24,1,122500,0,12250,122500,134750,,DN-2bd6d19f,,2026-02-15T17:10:07.450634,2026-02-15T17:10:07.450634,,,False,2026-02-15T17:10:07.450634,2026-02-15T17:10:07.450634
17b9afbc-7c0f-4a51-b8b8-508c3ad4be67,25,1,7500,0,750,7500,8250,,DN-17b9afbc,,2026-02-15T17:10:07.450634,2026-02-15T17:10:07.450634,,,False,2026-02-15T17:10:07.450634,2026-02-15T17:10:07.450634
93e0e1d2-a3bb-4f88-8164-ce7c883f40ce,29,1,42800,0,4280,42800,47080,,DN-93e0e1d2,,2026-02-15T17:10:07.450634,2026-02-15T17:10:07.450634,,,False,2026-02-15T17:10:07.450634,2026-02-15T17:10:07.450634
0cbfbbfe-f188-498a-abad-04687057bf94,11,1,3000,0,300,3000,3300,,DN-0cbfbbfe,,2026-02-15T17:10:07.450634,2026-02-15T17:10:07.450634,,,False,2026-02-15T17:10:07.450634,2026-02-15T17:10:07.450634
3542e16a-fa24-484b-83ff-87b274fb8e6a,21,1,22800,0,2280,22800,25080,,DN-3542e16a,,2026-02-15T17:10:07.450634,2026-02-15T17:10:07.450634,,,False,2026-02-15T17:10:07.450634,2026-02-15T17:10:07.450634
b6d6acad-e5a1-4c95-818d-a8fd954a7d9c,2,1,42000,0,4200,42000,46200,,DN-b6d6acad,,2026-02-15T17:10:07.450634,2026-02-15T17:10:07.450634,,,False,2026-02-15T17:10:07.450634,2026-02-15T17:10:07.450634
9b20d627-3150-492e-8a28-8d2d1ac28b7d,32,1,35900,0,3590,35900,39490,,DN-9b20d627,,2026-02-15T17:10:07.450634,2026-02-15T17:10:07.450634,,,False,2026-02-15T17:10:07.450634,2026-02-15T17:10:07.450634
36f1c41c-2a3f-41c9-90e5-c54eaf3b2513,25,1,64300,0,6430,64300,70730,,DN-36f1c41c,,2026-02-15T17:10:07.450634,2026-02-15T17:10:07.450634,,,False,2026-02-15T17:10:07.450634,2026-02-15T17:10:07.450634
273c3126-6f9f-47da-a3ed-b51f2e80ddaa,9,1,50600,0,5060,50600,55660,,DN-273c3126,,2026-02-15T17:10:07.450634,2026-02-15T17:10:07.450634,,,False,2026-02-15T17:10:07.450634,2026-02-15T17:10:07.450634
33d95562-e68a-4d7f-8386-52f3e361eb18,22,1,2000,0,200,2000,2200,,DN-33d95562,,2026-02-15T17:10:07.450634,2026-02-15T17:10:07.450634,,,False,2026-02-15T17:10:07.450634,2026-02-15T17:10:07.450634
9a5fd298-92a4-48c3-88cd-f9c3f19c2fa0,1,1,285000,0,28500,285000,313500,,DN-9a5fd298,,2026-02-15T17:10:07.450634,2026-02-15T17:10:07.450634,,,False,2026-02-15T17:10:07.450634,2026-02-15T17:10:07.450634
09f4ae91-686a-496e-a88f-d881fb3c044e,28,1,25600,0,2560,25600,28160,,DN-09f4ae91,,2026-02-15T17:10:07.450634,2026-02-15T17:10:07.450634,,,False,2026-02-15T17:10:07.450634,2026-02-15T17:10:07.450634
e5539a30-ecad-4a24-b610-6f7c39148150,21,1,28200,0,2820,28200,31020,,DN-e5539a30,,2026-02-15T17:10:07.450634,2026-02-15T17:10:07.450634,,,False,2026-02-15T17:10:07.450634,2026-02-15T17:10:07.450634
56e5e85c-03c4-45cb-b29e-b7e6b6c99afd,34,1,27000,0,2700,27000,29700,,DN-56e5e85c,,2026-02-15T17:10:07.450634,2026-02-15T17:10:07.450634,,,False,2026-02-15T17:10:07.450634,2026-02-15T17:10:07.450634
c01aef24-01de-4e94-b28c-a303dcca8458,31,1,19800,0,1980,19800,21780,,DN-c01aef24,,2026-02-15T17:10:07.450634,2026-02-15T17:10:07.450634,,,False,2026-02-15T17:10:07.450634,2026-02-15T17:10:07.450634
26f090b9-81b5-4918-9f62-97967c2715da,22,1,69000,0,6900,69000,75900,,DN-26f090b9,,2026-02-15T17:10:07.450634,2026-02-15T17:10:07.450634,,,False,2026-02-15T17:10:07.450634,2026-02-15T17:10:07.450634
2460e003-0c08-4f28-a4d5-aedb7772ac48,33,1,14400,0,1440,14400,15840,,DN-2460e003,,2026-02-15T17:10:07.450634,2026-02-15T17:10:07.450634,,,False,2026-02-15T17:10:07.450634,2026-02-15T17:10:07.450634
54a38553-46de-405c-a853-741a2994ee5b,11,1,48600,0,4860,48600,53460,,DN-54a38553,,2026-02-15T17:10:07.450634,2026-02-15T17:10:07.450634,,,False,2026-02-15T17:10:07.450634,2026-02-15T17:10:07.450634
f63d6af2-702c-43ef-be3d-e4921947f9c1,21,1,32000,0,3200,32000,35200,,DN-f63d6af2,,2026-02-15T17:10:07.450634,2026-02-15T17:10:07.450634,,,False,2026-02-15T17:10:07.450634,2026-02-15T17:10:07.450634
0902d44d-7793-433b-ab98-df1d0210b427,28,1,23000,0,2300,23000,25300,,DN-0902d44d,,2026-02-15T17:10:07.450634,2026-02-15T17:10:07.450634,,,False,2026-02-15T17:10:07.450634,2026-02-15T17:10:07.450634
ba66d269-5ab7-4101-a7c4-b94128329b72,1,1,10000,0,1000,10000,11000,,DN-ba66d269,,2026-02-15T17:10:07.450634,2026-02-15T17:10:07.450634,,,False,2026-02-15T17:10:07.450634,2026-02-15T17:10:07.450634
5f7c7245-0818-4757-ad57-d097517577c2,22,1,46000,0,4600,46000,50600,,DN-5f7c7245,,2026-02-15T17:10:07.450634,2026-02-15T17:10:07.450634,,,False,2026-02-15T17:10:07.450634,2026-02-15T17:10:07.450634
1fd5c95d-fe3e-4c32-9121-a4ae662b9e16,1,1,306000,0,30600,306000,336600,,DN-1fd5c95d,,2026-02-15T17:10:07.450634,2026-02-15T17:10:07.450634,,,False,2026-02-15T17:10:07.450634,2026-02-15T17:10:07.450634
0d867ba2-70ea-4d2d-a362-ccefc94939b0,31,1,15000,0,1500,15000,16500,,DN-0d867ba2,,2026-02-15T17:10:07.450634,2026-02-15T17:10:07.450634,,,False,2026-02-15T17:10:07.450634,2026-02-15T17:10:07.450634
bb66cdef-384f-45d5-8402-f413641f293e,21,1,20000,0,2000,20000,22000,,DN-bb66cdef,,2026-02-15T17:10:07.450634,2026-02-15T17:10:07.450634,,,False,2026-02-15T17:10:07.450634,2026-02-15T17:10:07.450634
6a776d98-ed5d-430e-b9ac-f55c120344b4,24,1,63000,0,6300,63000,69300,,DN-6a776d98,,2026-02-15T17:10:07.450634,2026-02-15T17:10:07.450634,,,False,2026-02-15T17:10:07.450634,2026-02-15T17:10:07.450634
db759975-6bc4-4e8a-b5d8-271aaadb776e,24,1,18500,0,1850,18500,20350,,DN-db759975,,2026-02-15T17:10:07.450634,2026-02-15T17:10:07.450634,,,False,2026-02-15T17:10:07.450634,2026-02-15T17:10:07.450634
df9e6cd4-2fbe-4b30-b4dd-90567d3b3ff2,34,1,14000,0,1400,14000,15400,,DN-df9e6cd4,,2026-02-15T17:10:07.450634,2026-02-15T17:10:07.450634,,,False,2026-02-15T17:10:07.450634,2026-02-15T17:10:07.450634
407333ee-c975-4553-9ad1-52b4f9736659,22,1,6000,0,600,6000,6600,,DN-407333ee,,2026-02-15T17:10:07.450634,2026-02-15T17:10:07.450634,,,False,2026-02-15T17:10:07.450634,2026-02-15T17:10:07.450634
0e637e14-a8ab-446b-a611-3589d9c95485,22,1,87000,0,8700,87000,95700,,DN-0e637e14,,2026-02-15T17:10:07.450634,2026-02-15T17:10:07.450634,,,False,2026-02-15T17:10:07.450634,2026-02-15T17:10:07.450634
66b160e1-0dfd-44e9-8e43-10f617685035,24,1,27000,0,2700,27000,29700,,DN-66b160e1,,2026-02-15T17:10:07.451633,2026-02-15T17:10:07.451633,,,False,2026-02-15T17:10:07.451633,2026-02-15T17:10:07.451633
b35526b5-52ac-4832-82be-65ea92a1e499,21,1,8000,0,800,8000,8800,,DN-b35526b5,,2026-02-15T17:10:07.451633,2026-02-15T17:10:07.451633,,,False,2026-02-15T17:10:07.451633,2026-02-15T17:10:07.451633
a4c93f47-734c-4382-92fa-c5c1050ffcc1,21,1,31700,0,3170,31700,34870,,DN-a4c93f47,,2026-02-15T17:10:07.451633,2026-02-15T17:10:07.451633,,,False,2026-02-15T17:10:07.451633,2026-02-15T17:10:07.451633
27a76b72-2552-4a38-ad4e-5cbfa8c1da24,1,1,228000,0,22800,228000,250800,,DN-27a76b72,,2026-02-15T17:10:07.451633,2026-02-15T17:10:07.451633,,,False,2026-02-15T17:10:07.451633,2026-02-15T17:10:07.451633
a9177e30-6c05-4f32-8527-fdf27924e15c,34,1,3600,0,360,3600,3960,,DN-a9177e30,,2026-02-15T17:10:07.451633,2026-02-15T17:10:07.451633,,,False,2026-02-15T17:10:07.451633,2026-02-15T17:10:07.451633
21dd2c3d-6c05-411d-994d-664cb89edce9,34,1,5000,0,500,5000,5500,,DN-21dd2c3d,,2026-02-15T17:10:07.451633,2026-02-15T17:10:07.451633,,,False,2026-02-15T17:10:07.451633,2026-02-15T17:10:07.451633
80c7df71-3457-589d-a6a6-040cefc7baff,7,1,85200,0,8520,85200,93720,,DN-80c7df71,,2026-02-15T17:10:07.451633,2026-02-15T17:10:07.451633,,,False,2026-02-15T17:10:07.451633,2026-02-15T17:10:07.451633
e9634320-fad0-4236-b89c-40857d727987,7,1,134400,0,13440,134400,147840,,DN-e9634320,,2026-02-15T17:10:07.451633,2026-02-15T17:10:07.451633,,,False,2026-02-15T17:10:07.451633,2026-02-15T17:10:07.451633
39d75cac-6fa5-4f8a-b743-2d56c4d81c8c,7,1,243000,0,24300,243000,267300,,DN-39d75cac,,2026-02-15T17:10:07.451633,2026-02-15T17:10:07.451633,,,False,2026-02-15T17:10:07.451633,2026-02-15T17:10:07.451633
4e9da521-a99c-4e4d-9693-3d35e5d5f190,12,1,68000,0,6800,68000,74800,,DN-4e9da521,,2026-02-15T17:10:07.451633,2026-02-15T17:10:07.451633,,,False,2026-02-15T17:10:07.451633,2026-02-15T17:10:07.451633
ccd44df3-7eda-4881-8ae0-934e7de10d2e,7,1,50400,0,5040,50400,55440,,DN-ccd44df3,,2026-02-15T17:10:07.451633,2026-02-15T17:10:07.451633,,,False,2026-02-15T17:10:07.451633,2026-02-15T17:10:07.451633
0855b2de-176d-4c92-b469-8616572a4d7f,8,1,141500,0,14150,141500,155650,,DN-0855b2de,,2026-02-15T17:10:07.451633,2026-02-15T17:10:07.451633,,,False,2026-02-15T17:10:07.451633,2026-02-15T17:10:07.451633
8ce2d162-8109-4573-9b6a-c0c6412a8eea,8,1,102500,0,10250,102500,112750,,DN-8ce2d162,,2026-02-15T17:10:07.451633,2026-02-15T17:10:07.451633,,,False,2026-02-15T17:10:07.451633,2026-02-15T17:10:07.451633
7253c203-82f3-4ff9-8a2f-3369f4a5cbb6,7,1,122400,0,12240,122400,134640,,DN-7253c203,,2026-02-15T17:10:07.451633,2026-02-15T17:10:07.451633,,,False,2026-02-15T17:10:07.451633,2026-02-15T17:10:07.451633
7bfc3c19-9ef2-498a-a215-d8c5df3c4d2f,7,1,16200,0,1620,16200,17820,,DN-7bfc3c19,,2026-02-15T17:10:07.451633,2026-02-15T17:10:07.451633,,,False,2026-02-15T17:10:07.451633,2026-02-15T17:10:07.451633
987bf060-e5f3-4986-bf1a-0a0254497420,7,1,138200,0,13820,138200,152020,,DN-987bf060,,2026-02-15T17:10:07.451633,2026-02-15T17:10:07.451633,,,False,2026-02-15T17:10:07.451633,2026-02-15T17:10:07.451633
71a1d579-0d05-4ed7-b9fe-49114401eb4b,12,1,5000,0,500,5000,5500,,DN-71a1d579,,2026-02-15T17:10:07.451633,2026-02-15T17:10:07.451633,,,False,2026-02-15T17:10:07.451633,2026-02-15T17:10:07.451633
858556d5-e990-4fe5-bccf-d13e167e7ebd,12,1,375500,0,37550,375500,413050,,DN-858556d5,,2026-02-15T17:10:07.451633,2026-02-15T17:10:07.451633,,,False,2026-02-15T17:10:07.451633,2026-02-15T17:10:07.451633
9555184b-6cc8-4d65-bd02-8112bbdfbcc4,12,1,9000,0,900,9000,9900,,DN-9555184b,,2026-02-15T17:10:07.451633,2026-02-15T17:10:07.451633,,,False,2026-02-15T17:10:07.451633,2026-02-15T17:10:07.451633
1cb09555-44a5-4589-96ee-ec1a2879a8a3,12,1,4000,0,400,4000,4400,,DN-1cb09555,,2026-02-15T17:10:07.451633,2026-02-15T17:10:07.451633,,,False,2026-02-15T17:10:07.451633,2026-02-15T17:10:07.451633
e4d635da-6246-4fa9-bcad-6fbfe6dd684b,12,1,23000,0,2300,23000,25300,,DN-e4d635da,,2026-02-15T17:10:07.451633,2026-02-15T17:10:07.451633,,,False,2026-02-15T17:10:07.451633,2026-02-15T17:10:07.451633
86843e68-c573-4545-a751-bdc2c720a82a,8,1,7500,0,750,7500,8250,,DN-86843e68,,2026-02-15T17:10:07.451633,2026-02-15T17:10:07.451633,,,False,2026-02-15T17:10:07.451633,2026-02-15T17:10:07.451633
9e2fccc2-9c02-4b4f-ad33-2f250a7ae4c5,12,1,80000,0,8000,80000,88000,,DN-9e2fccc2,,2026-02-15T17:10:07.451633,2026-02-15T17:10:07.451633,,,False,2026-02-15T17:10:07.451633,2026-02-15T17:10:07.451633
7bb1da51-46ce-4a3a-be09-3c3344cce7fd,12,1,6000,0,600,6000,6600,,DN-7bb1da51,,2026-02-15T17:10:07.451633,2026-02-15T17:10:07.451633,,,False,2026-02-15T17:10:07.451633,2026-02-15T17:10:07.451633
5f775425-0ebc-4c48-9d3d-92877a5498df,12,1,32000,0,3200,32000,35200,,DN-5f775425,,2026-02-15T17:10:07.451633,2026-02-15T17:10:07.451633,,,False,2026-02-15T17:10:07.451633,2026-02-15T17:10:07.451633
997019c8-7c21-4fa6-964e-285daee790b6,1,1,383000,0,38300,383000,421300,,DN-997019c8,,2026-02-15T17:10:07.451633,2026-02-15T17:10:07.451633,,,False,2026-02-15T17:10:07.451633,2026-02-15T17:10:07.451633
efb01c1c-b746-4b73-8a80-482fe6a2c684,12,1,15000,0,1500,15000,16500,,DN-efb01c1c,,2026-02-15T17:10:07.451633,2026-02-15T17:10:07.451633,,,False,2026-02-15T17:10:07.451633,2026-02-15T17:10:07.451633
9bc924fa-d2e6-41cb-a418-e98f8d18ab3f,12,1,245000,0,24500,245000,269500,,DN-9bc924fa,,2026-02-15T17:10:07.451633,2026-02-15T17:10:07.451633,,,False,2026-02-15T17:10:07.451633,2026-02-15T17:10:07.451633
d3d602ba-5cb1-4ebf-a85a-6a3616df25a5,12,1,3000,0,300,3000,3300,,DN-d3d602ba,,2026-02-15T17:10:07.451633,2026-02-15T17:10:07.451633,,,False,2026-02-15T17:10:07.451633,2026-02-15T17:10:07.451633
0eb2d7a9-689e-4c7f-8f19-e7b3c9a75d45,12,1,68400,0,6840,68400,75240,,DN-0eb2d7a9,,2026-02-15T17:10:07.451633,2026-02-15T17:10:07.451633,,,False,2026-02-15T17:10:07.451633,2026-02-15T17:10:07.451633
5644f923-6047-41a2-b22e-38d293d21bbe,12,1,333500,0,33350,333500,366850,,DN-5644f923,,2026-02-15T17:10:07.451633,2026-02-15T17:10:07.451633,,,False,2026-02-15T17:10:07.451633,2026-02-15T17:10:07.451633
ba586a2d-9d55-4186-901d-dc1ca2743577,12,1,15000,0,1500,15000,16500,,DN-ba586a2d,,2026-02-15T17:10:07.451633,2026-02-15T17:10:07.451633,,,False,2026-02-15T17:10:07.451633,2026-02-15T17:10:07.451633
336ad11b-cca1-464f-ab43-21f051c70a4c,12,1,9000,0,900,9000,9900,,DN-336ad11b,,2026-02-15T17:10:07.451633,2026-02-15T17:10:07.451633,,,False,2026-02-15T17:10:07.451633,2026-02-15T17:10:07.451633
a1094a32-7692-40af-ba77-e904bfc5e1ba,31,1,53400,0,5340,53400,58740,,DN-a1094a32,,2026-02-15T17:10:07.451633,2026-02-15T17:10:07.451633,,,False,2026-02-15T17:10:07.451633,2026-02-15T17:10:07.451633
1d3fcc91-e2ac-4e56-8850-addf6b9264c4,33,1,51000,0,5100,51000,56100,,DN-1d3fcc91,,2026-02-15T17:10:07.451633,2026-02-15T17:10:07.451633,,,False,2026-02-15T17:10:07.451633,2026-02-15T17:10:07.451633
e2bda62b-e040-4fd6-b232-ac109c88d894,29,1,42300,0,4230,42300,46530,,DN-e2bda62b,,2026-02-15T17:10:07.451633,2026-02-15T17:10:07.451633,,,False,2026-02-15T17:10:07.451633,2026-02-15T17:10:07.451633
4f2edc7f-5290-4245-a23f-716ad29cbeff,33,1,2500,0,250,2500,2750,,DN-4f2edc7f,,2026-02-15T17:10:07.451633,2026-02-15T17:10:07.451633,,,False,2026-02-15T17:10:07.451633,2026-02-15T17:10:07.451633
d5b96bcc-3477-460a-91c1-76645044b156,33,1,29000,0,2900,29000,31900,,DN-d5b96bcc,,2026-02-15T17:10:07.451633,2026-02-15T17:10:07.451633,,,False,2026-02-15T17:10:07.451633,2026-02-15T17:10:07.451633
3952cef8-be7d-4d13-ac33-376fccbe2659,34,1,12600,0,1260,12600,13860,,DN-3952cef8,,2026-02-15T17:10:07.451633,2026-02-15T17:10:07.451633,,,False,2026-02-15T17:10:07.451633,2026-02-15T17:10:07.451633
5ce0c138-0678-4c7e-a2bf-5b65a596442d,33,1,30200,0,3020,30200,33220,,DN-5ce0c138,,2026-02-15T17:10:07.451633,2026-02-15T17:10:07.451633,,,False,2026-02-15T17:10:07.451633,2026-02-15T17:10:07.451633
3f80e172-4f64-4cb1-a675-97c6f88aeb4e,34,1,22500,0,2250,22500,24750,,DN-3f80e172,,2026-02-15T17:10:07.451633,2026-02-15T17:10:07.451633,,,False,2026-02-15T17:10:07.451633,2026-02-15T17:10:07.451633
c1104382-168f-4e10-88fc-8f72c14be64e,32,1,33000,0,3300,33000,36300,,DN-c1104382,,2026-02-15T17:10:07.451633,2026-02-15T17:10:07.451633,,,False,2026-02-15T17:10:07.451633,2026-02-15T17:10:07.451633
26096775-08ba-48bb-8636-17c994516b96,32,1,64400,0,6440,64400,70840,,DN-26096775,,2026-02-15T17:10:07.451633,2026-02-15T17:10:07.451633,,,False,2026-02-15T17:10:07.451633,2026-02-15T17:10:07.451633
0adae088-053d-42fe-bc4f-a6ce086c25dd,32,1,103400,0,10340,103400,113740,,DN-0adae088,,2026-02-15T17:10:07.451633,2026-02-15T17:10:07.451633,,,False,2026-02-15T17:10:07.451633,2026-02-15T17:10:07.451633
bd2d2b6c-3c11-40a4-90c0-39ee42baadef,28,1,46000,0,4600,46000,50600,,DN-bd2d2b6c,,2026-02-15T17:10:07.451633,2026-02-15T17:10:07.451633,,,True,2026-02-15T17:10:07.451633,2026-02-15T17:10:07.451633
4406ce2b-2cd8-47bf-8c03-d0e6c2c500ab,21,1,30000,0,3000,30000,33000,,DN-4406ce2b,,2026-02-15T17:10:07.451633,2026-02-15T17:10:07.451633,,,False,2026-02-15T17:10:07.451633,2026-02-15T17:10:07.451633
fede2745-01d8-457d-8452-4a0baa0abaab,28,1,24000,0,2400,24000,26400,,DN-fede2745,,2026-02-15T17:10:07.451633,2026-02-15T17:10:07.451633,,,False,2026-02-15T17:10:07.451633,2026-02-15T17:10:07.451633
8405c49e-d298-4b3b-8f0b-af79cb4da799,28,1,18900,0,1890,18900,20790,,DN-8405c49e,,2026-02-15T17:10:07.451633,2026-02-15T17:10:07.451633,,,False,2026-02-15T17:10:07.451633,2026-02-15T17:10:07.451633
160fc459-115a-4fb3-ae10-c6f531282383,28,1,27400,0,2740,27400,30140,,DN-160fc459,,2026-02-15T17:10:07.451633,2026-02-15T17:10:07.451633,,,False,2026-02-15T17:10:07.451633,2026-02-15T17:10:07.451633
7c3d65e3-cc0b-46e4-8961-5a4d52324f65,21,1,52700,0,5270,52700,57970,,DN-7c3d65e3,,2026-02-15T17:10:07.451633,2026-02-15T17:10:07.451633,,,False,2026-02-15T17:10:07.451633,2026-02-15T17:10:07.451633
b8378675-f45b-42dd-b0f8-70ae17b207a2,19,1,9000,0,900,9000,9900,,DN-b8378675,,2026-02-15T17:10:07.451633,2026-02-15T17:10:07.451633,,,False,2026-02-15T17:10:07.451633,2026-02-15T17:10:07.451633
2d3e9f8a-85b1-4680-8caa-28e201898bc2,19,1,97600,0,9760,97600,107360,,DN-2d3e9f8a,,2026-02-15T17:10:07.451633,2026-02-15T17:10:07.451633,,,False,2026-02-15T17:10:07.451633,2026-02-15T17:10:07.451633
93fd08fd-4a40-4fdb-b69f-f03549b9e54f,19,1,90000,0,9000,90000,99000,,DN-93fd08fd,,2026-02-15T17:10:07.451633,2026-02-15T17:10:07.451633,,,False,2026-02-15T17:10:07.451633,2026-02-15T17:10:07.451633
1a9a1db0-7997-4630-8467-edff6d811a03,19,1,103600,0,10360,103600,113960,,DN-1a9a1db0,,2026-02-15T17:10:07.451633,2026-02-15T17:10:07.451633,,,False,2026-02-15T17:10:07.451633,2026-02-15T17:10:07.451633
811d91b3-a845-4e47-ab2e-575a5ea0ad21,24,1,28500,0,2850,28500,31350,,DN-811d91b3,,2026-02-15T17:10:07.451633,2026-02-15T17:10:07.451633,,,False,2026-02-15T17:10:07.451633,2026-02-15T17:10:07.451633
5bcd35c9-a55e-446d-b141-4d7ea30b7216,22,1,9000,0,900,9000,9900,,DN-5bcd35c9,,2026-02-15T17:10:07.451633,2026-02-15T17:10:07.451633,,,False,2026-02-15T17:10:07.451633,2026-02-15T17:10:07.451633
f438f26f-c666-4fc3-9565-6770fc4b5bb2,22,1,91400,0,9140,91400,100540,,DN-f438f26f,,2026-02-15T17:10:07.451633,2026-02-15T17:10:07.451633,,,False,2026-02-15T17:10:07.451633,2026-02-15T17:10:07.451633
bbfee893-38da-445a-b401-cd156eddff59,24,1,29000,0,2900,29000,31900,,DN-bbfee893,,2026-02-15T17:10:07.451633,2026-02-15T17:10:07.451633,,,False,2026-02-15T17:10:07.451633,2026-02-15T17:10:07.451633
c59d0e6a-89d0-4517-93d3-8bc14ebbf07e,22,1,84000,0,8400,84000,92400,,DN-c59d0e6a,,2026-02-15T17:10:07.451633,2026-02-15T17:10:07.451633,,,False,2026-02-15T17:10:07.451633,2026-02-15T17:10:07.451633
c898aac9-b248-433d-974e-09d704572b8b,22,1,82000,0,8200,82000,90200,,DN-c898aac9,,2026-02-15T17:10:07.451633,2026-02-15T17:10:07.451633,,,False,2026-02-15T17:10:07.451633,2026-02-15T17:10:07.451633
6b229dd7-1778-4c7a-be55-03db289fedf0,24,1,32000,0,3200,32000,35200,,DN-6b229dd7,,2026-02-15T17:10:07.451633,2026-02-15T17:10:07.451633,,,False,2026-02-15T17:10:07.451633,2026-02-15T17:10:07.451633
8bab937e-d85a-4a8b-868c-bafeca9703af,22,1,6000,0,600,6000,6600,,DN-8bab937e,,2026-02-15T17:10:07.451633,2026-02-15T17:10:07.451633,,,False,2026-02-15T17:10:07.451633,2026-02-15T17:10:07.451633
9418e654-4841-40ce-83ce-c042d39343ce,22,1,72400,0,7240,72400,79640,,DN-9418e654,,2026-02-15T17:10:07.451633,2026-02-15T17:10:07.451633,,,False,2026-02-15T17:10:07.451633,2026-02-15T17:10:07.451633
0ba6d79f-c363-4d45-abb0-4a47656a8dae,9,1,6000,0,600,6000,6600,,DN-0ba6d79f,,2026-02-15T17:10:07.451633,2026-02-15T17:10:07.451633,,,False,2026-02-15T17:10:07.451633,2026-02-15T17:10:07.451633
ae2e8572-7fea-4df0-a285-15ad8a80f50e,9,1,106600,0,10660,106600,117260,,DN-ae2e8572,,2026-02-15T17:10:07.451633,2026-02-15T17:10:07.451633,,,False,2026-02-15T17:10:07.451633,2026-02-15T17:10:07.451633
59b62d38-6d7d-4919-b141-dc723457abee,11,1,45000,0,4500,45000,49500,,DN-59b62d38,,2026-02-15T17:10:07.451633,2026-02-15T17:10:07.451633,,,False,2026-02-15T17:10:07.451633,2026-02-15T17:10:07.451633
539cab2f-24dd-4224-8701-3bc8a1d1a7f4,2,1,53200,0,5320,53200,58520,,DN-539cab2f,,2026-02-15T17:10:07.451633,2026-02-15T17:10:07.451633,,,False,2026-02-15T17:10:07.451633,2026-02-15T17:10:07.451633
c9f9c449-3860-4294-ac25-f4ac6f4c22d5,1,1,306000,0,30600,306000,336600,,DN-c9f9c449,,2026-02-15T17:10:07.451633,2026-02-15T17:10:07.451633,,,False,2026-02-15T17:10:07.451633,2026-02-15T17:10:07.451633
7616d72e-dc20-40a9-84de-3cd105709adc,1,1,138000,0,13800,138000,151800,,DN-7616d72e,,2026-02-15T17:10:07.451633,2026-02-15T17:10:07.451633,,,False,2026-02-15T17:10:07.451633,2026-02-15T17:10:07.451633
bea978ad-ec7d-4084-b67d-77b28f14908a,1,1,8000,0,800,8000,8800,,DN-bea978ad,,2026-02-15T17:10:07.451633,2026-02-15T17:10:07.451633,,,False,2026-02-15T17:10:07.451633,2026-02-15T17:10:07.451633
ce3d8d95-09c9-4e77-82f9-72bb51106c3e,8,1,30500,0,3050,30500,33550,,DN-ce3d8d95,,2026-02-15T17:10:07.451633,2026-02-15T17:10:07.451633,,,False,2026-02-15T17:10:07.451633,2026-02-15T17:10:07.451633
eea74eab-3d77-45d1-8d5b-d3540a1df724,8,1,138200,0,13820,138200,152020,,DN-eea74eab,,2026-02-15T17:10:07.451633,2026-02-15T17:10:07.451633,,,False,2026-02-15T17:10:07.451633,2026-02-15T17:10:07.451633
b89c5986-88ba-57ca-96ac-f2df0ec9deb2,1,1,228000,0,22800,228000,250800,,DN-b89c5986,,2026-02-15T17:10:07.451633,2026-02-15T17:10:07.451633,,,False,2026-02-15T17:10:07.451633,2026-02-15T17:10:07.451633
e22dd823-7afd-5738-bb21-03db3bea5113,1,1,30000,0,3000,30000,33000,,DN-e22dd823,,2026-02-15T17:10:07.451633,2026-02-15T17:10:07.451633,,,False,2026-02-15T17:10:07.451633,2026-02-15T17:10:07.451633
ced3309d-f72d-52df-bcb7-30ae27af510e,2,1,27600,0,2760,27600,30360,,DN-ced3309d,,2026-02-15T17:10:07.451633,2026-02-15T17:10:07.451633,,,False,2026-02-15T17:10:07.451633,2026-02-15T17:10:07.451633
39eee881-7cf7-48fe-b610-9d6ef711bffe,7,1,174000,0,17400,174000,191400,,DN-39eee881,,2026-02-15T17:10:07.451633,2026-02-15T17:10:07.451633,,,False,2026-02-15T17:10:07.451633,2026-02-15T17:10:07.451633
571af589-b4a3-4297-b269-0404e1afb8e4,7,1,151200,0,15120,151200,166320,,DN-571af589,,2026-02-15T17:10:07.451633,2026-02-15T17:10:07.451633,,,False,2026-02-15T17:10:07.451633,2026-02-15T17:10:07.451633
d654d794-b76f-4f7a-b2c5-745aa4c14b73,7,1,156000,0,15600,156000,171600,,DN-d654d794,,2026-02-15T17:10:07.451633,2026-02-15T17:10:07.451633,,,False,2026-02-15T17:10:07.451633,2026-02-15T17:10:07.451633
89632b48-0141-4805-9ff8-30d3f8bd2d88,7,1,92200,0,9220,92200,101420,,DN-89632b48,,2026-02-15T17:10:07.452604,2026-02-15T17:10:07.452604,,,False,2026-02-15T17:10:07.452604,2026-02-15T17:10:07.452604
ec2b1f1a-d260-4c83-9291-cff82cfc263b,7,1,118200,0,11820,118200,130020,,DN-ec2b1f1a,,2026-02-15T17:10:07.452604,2026-02-15T17:10:07.452604,,,False,2026-02-15T17:10:07.452604,2026-02-15T17:10:07.452604
1e4e34ad-7537-4dc9-b3c9-a39d5bf05f12,7,1,5000,0,500,5000,5500,,DN-1e4e34ad,,2026-02-15T17:10:07.452604,2026-02-15T17:10:07.452604,,,False,2026-02-15T17:10:07.452604,2026-02-15T17:10:07.452604
08395205-25e6-4ec3-9cf0-7adeb5c3268d,7,1,153600,0,15360,153600,168960,,DN-08395205,,2026-02-15T17:10:07.452604,2026-02-15T17:10:07.452604,,,True,2026-02-15T17:10:07.452604,2026-02-15T17:10:07.452604
f8f78685-c3f6-499f-bcda-3109c627b622,18,1,42400,0,4240,42400,46640,,DN-f8f78685,,2026-02-15T17:10:07.452604,2026-02-15T17:10:07.452604,,,False,2026-02-15T17:10:07.452604,2026-02-15T17:10:07.452604
f4ab3585-e562-5ac8-962b-24167fc0ea01,34,1,8500,0,850,8500,9350,,DN-f4ab3585,,2026-02-15T17:10:07.452604,2026-02-15T17:10:07.452604,,,False,2026-02-15T17:10:07.452604,2026-02-15T17:10:07.452604
1963a407-ff2d-5544-8fc8-4ac92a99f5eb,7,1,153600,0,15360,153600,168960,,DN-1963a407,,2026-02-15T17:10:07.452604,2026-02-15T17:10:07.452604,,,False,2026-02-15T17:10:07.452604,2026-02-15T17:10:07.452604
965ca590-c974-581c-a1ee-277a29ede649,28,1,63400,0,6340,63400,69740,,DN-965ca590,,2026-02-15T17:10:07.452604,2026-02-15T17:10:07.452604,,,False,2026-02-15T17:10:07.452604,2026-02-15T17:10:07.452604
a4a09d60-d022-4918-9782-8d8ef775c970,2,1,45000,0,4500,45000,49500,,DN-a4a09d60,,2026-02-15T17:10:07.452604,2026-02-15T17:10:07.452604,,,False,2026-02-15T17:10:07.452604,2026-02-15T17:10:07.452604
396b09fa-caf1-4141-895a-3c004275911e,24,1,45000,0,4500,45000,49500,,DN-396b09fa,,2026-02-15T17:10:07.452604,2026-02-15T17:10:07.452604,,,False,2026-02-15T17:10:07.452604,2026-02-15T17:10:07.452604
35d1688d-eee2-4471-924b-aec2a9a53f46,1,1,12500,0,1250,12500,13750,,DN-35d1688d,,2026-02-15T17:10:07.452604,2026-02-15T17:10:07.452604,,,False,2026-02-15T17:10:07.452604,2026-02-15T17:10:07.452604
ace01d01-401c-43cf-9b21-52e597ecdd1a,1,1,63000,0,6300,63000,69300,,DN-ace01d01,,2026-02-15T17:10:07.452604,2026-02-15T17:10:07.452604,,,False,2026-02-15T17:10:07.452604,2026-02-15T17:10:07.452604
684a0f0e-c513-4528-8d71-99e215b4b1dc,1,1,18000,0,1800,18000,19800,,DN-684a0f0e,,2026-02-15T17:10:07.452604,2026-02-15T17:10:07.452604,,,False,2026-02-15T17:10:07.452604,2026-02-15T17:10:07.452604
081fb93d-6cf4-495e-80e7-18bc98d5959e,1,1,558000,0,55800,558000,613800,,DN-081fb93d,,2026-02-15T17:10:07.452604,2026-02-15T17:10:07.452604,,,False,2026-02-15T17:10:07.452604,2026-02-15T17:10:07.452604
7c4d35bf-37c1-4a36-88be-d4fcd33b80fe,12,1,268000,0,26800,268000,294800,,DN-7c4d35bf,,2026-02-15T17:10:07.452604,2026-02-15T17:10:07.452604,,,False,2026-02-15T17:10:07.452604,2026-02-15T17:10:07.452604
aaa2e6c8-f1ac-44a9-becb-34f776872700,8,1,152100,0,15210,152100,167310,,DN-aaa2e6c8,,2026-02-15T17:10:07.452604,2026-02-15T17:10:07.452604,,,False,2026-02-15T17:10:07.452604,2026-02-15T17:10:07.452604
afef8dcf-9afe-4b7f-bba2-ca88259c6b83,12,1,319700,0,31970,319700,351670,,DN-afef8dcf,,2026-02-15T17:10:07.452604,2026-02-15T17:10:07.452604,,,False,2026-02-15T17:10:07.452604,2026-02-15T17:10:07.452604
488ddb5b-c93e-48f3-bd16-f9199976feed,2,1,45000,0,4500,45000,49500,,DN-488ddb5b,,2026-02-15T17:10:07.452604,2026-02-15T17:10:07.452604,,,False,2026-02-15T17:10:07.452604,2026-02-15T17:10:07.452604
ff8b539d-896c-48d5-b05b-e1c0344949cd,32,1,400,0,40,400,440,,DN-ff8b539d,,2026-02-15T17:10:07.452604,2026-02-15T17:10:07.452604,,,False,2026-02-15T17:10:07.452604,2026-02-15T17:10:07.452604
9e7f939b-9311-4b2e-8ae9-cda2cd62f4d2,32,1,81600,0,8160,81600,89760,,DN-9e7f939b,,2026-02-15T17:10:07.452604,2026-02-15T17:10:07.452604,,,False,2026-02-15T17:10:07.452604,2026-02-15T17:10:07.452604
62fa9eb7-ea53-4bc6-8638-ce3c29c30b17,17,1,42000,0,4200,42000,46200,,DN-62fa9eb7,,2026-02-15T17:10:07.452604,2026-02-15T17:10:07.452604,,,False,2026-02-15T17:10:07.452604,2026-02-15T17:10:07.452604
7b7e5b01-8e08-456c-8197-346f8a05b8ae,9,1,58100,0,5810,58100,63910,,DN-7b7e5b01,,2026-02-15T17:10:07.452604,2026-02-15T17:10:07.452604,,,False,2026-02-15T17:10:07.452604,2026-02-15T17:10:07.452604
b0ed52d4-7d60-41a1-b250-4ecb5588773c,34,1,12000,0,1200,12000,13200,,DN-b0ed52d4,,2026-02-15T17:10:07.452604,2026-02-15T17:10:07.452604,,,False,2026-02-15T17:10:07.452604,2026-02-15T17:10:07.452604
84546d3d-d7ba-4695-9be0-5a615d8d695d,22,1,42000,0,4200,42000,46200,,DN-84546d3d,,2026-02-15T17:10:07.452604,2026-02-15T17:10:07.452604,,,False,2026-02-15T17:10:07.452604,2026-02-15T17:10:07.452604
bd8b1851-7af7-413e-881b-50fae521da25,24,1,0,0,0,0,0,,DN-bd8b1851,,2026-02-15T17:10:07.452604,2026-02-15T17:10:07.452604,,,False,2026-02-15T17:10:07.452604,2026-02-15T17:10:07.452604
ac5aa76a-4b89-43f9-83a0-0b7643666ece,28,1,18000,0,1800,18000,19800,,DN-ac5aa76a,,2026-02-15T17:10:07.452604,2026-02-15T17:10:07.452604,,,False,2026-02-15T17:10:07.452604,2026-02-15T17:10:07.452604
d7fb8f22-1aa2-461f-b75d-f743105c3890,2,1,0,0,0,0,0,,DN-d7fb8f22,,2026-02-15T17:10:07.452604,2026-02-15T17:10:07.452604,,,False,2026-02-15T17:10:07.452604,2026-02-15T17:10:07.452604
59d650e3-89e3-4927-bc19-21244fc776c9,33,1,27000,0,2700,27000,29700,,DN-59d650e3,,2026-02-15T17:10:07.452604,2026-02-15T17:10:07.452604,,,False,2026-02-15T17:10:07.452604,2026-02-15T17:10:07.452604
49bfa561-04dc-4358-8e44-dab49ef4870a,28,1,27000,0,2700,27000,29700,,DN-49bfa561,,2026-02-15T17:10:07.452604,2026-02-15T17:10:07.452604,,,False,2026-02-15T17:10:07.452604,2026-02-15T17:10:07.452604
624a3f95-09f0-483e-9daa-cfb097f88d97,21,1,3000,0,300,3000,3300,,DN-624a3f95,,2026-02-15T17:10:07.452604,2026-02-15T17:10:07.452604,,,False,2026-02-15T17:10:07.452604,2026-02-15T17:10:07.452604
e969ea01-5a81-4630-a6be-7070c8336d5c,8,1,5000,0,500,5000,5500,,DN-e969ea01,,2026-02-15T17:10:07.452604,2026-02-15T17:10:07.452604,,,False,2026-02-15T17:10:07.452604,2026-02-15T17:10:07.452604
184ea11b-151e-4c75-88f6-dd2c58396b73,2,1,123000,0,12300,123000,135300,,DN-184ea11b,,2026-02-15T17:10:07.452604,2026-02-15T17:10:07.452604,,,False,2026-02-15T17:10:07.452604,2026-02-15T17:10:07.452604
08c63af0-60f5-4465-a0b9-a8787d31cdb6,22,1,87900,0,8790,87900,96690,,DN-08c63af0,,2026-02-15T17:10:07.452604,2026-02-15T17:10:07.452604,,,False,2026-02-15T17:10:07.452604,2026-02-15T17:10:07.452604
70c1b50a-bcdc-47cf-87c9-3011a089d8be,21,1,51000,0,5100,51000,56100,,DN-70c1b50a,,2026-02-15T17:10:07.452604,2026-02-15T17:10:07.452604,,,False,2026-02-15T17:10:07.452604,2026-02-15T17:10:07.452604
22ea77a8-8b38-4894-84d9-a1faaa03fc28,10,1,70600,0,7060,70600,77660,,DN-22ea77a8,,2026-02-15T17:10:07.452604,2026-02-15T17:10:07.452604,,,False,2026-02-15T17:10:07.452604,2026-02-15T17:10:07.452604
82b243fc-003c-439c-aa0d-7fd2284ddc58,19,1,87000,0,8700,87000,95700,,DN-82b243fc,,2026-02-15T17:10:07.452604,2026-02-15T17:10:07.452604,,,False,2026-02-15T17:10:07.452604,2026-02-15T17:10:07.452604
5312cdfe-31e2-5f16-a835-be12762b783a,31,1,13200,0,1320,13200,14520,,DN-5312cdfe,,2026-02-15T17:10:07.452604,2026-02-15T17:10:07.452604,,,False,2026-02-15T17:10:07.452604,2026-02-15T17:10:07.452604
4c37d22e-ea8d-4bb1-94e3-5049cddc84ba,24,1,11000,0,1100,11000,12100,,DN-4c37d22e,,2026-02-15T17:10:07.452604,2026-02-15T17:10:07.452604,,,False,2026-02-15T17:10:07.452604,2026-02-15T17:10:07.452604
ed46f4b7-f934-4e8a-952a-3dea24a9c85c,21,1,3000,0,300,3000,3300,,DN-ed46f4b7,,2026-02-15T17:10:07.452604,2026-02-15T17:10:07.452604,,,False,2026-02-15T17:10:07.452604,2026-02-15T17:10:07.452604
48aac5ec-3cb2-40b1-9af4-fbe2428a2bd0,24,1,16500,0,1650,16500,18150,,DN-48aac5ec,,2026-02-15T17:10:07.452604,2026-02-15T17:10:07.452604,,,False,2026-02-15T17:10:07.452604,2026-02-15T17:10:07.452604
26f8b794-3bea-49a1-b067-a6f0fe9bdee6,21,1,37900,0,3790,37900,41690,,DN-26f8b794,,2026-02-15T17:10:07.452604,2026-02-15T17:10:07.452604,,,False,2026-02-15T17:10:07.452604,2026-02-15T17:10:07.452604
4c8524f8-b922-445d-a711-80f9f6ed8ac6,19,1,130800,0,13080,130800,143880,,DN-4c8524f8,,2026-02-15T17:10:07.452604,2026-02-15T17:10:07.452604,,,False,2026-02-15T17:10:07.452604,2026-02-15T17:10:07.452604
96e8c3dd-29cd-48ac-9697-f1665706f7ea,28,1,18500,0,1850,18500,20350,,DN-96e8c3dd,,2026-02-15T17:10:07.452604,2026-02-15T17:10:07.452604,,,False,2026-02-15T17:10:07.452604,2026-02-15T17:10:07.452604
d20983ab-086c-4d97-9130-d642bbe577b7,7,1,19200,0,1920,19200,21120,,DN-d20983ab,,2026-02-15T17:10:07.452604,2026-02-15T17:10:07.452604,,,False,2026-02-15T17:10:07.452604,2026-02-15T17:10:07.452604
c91cdd25-ee65-4286-be16-1fad28a28e9e,22,1,85200,0,8520,85200,93720,,DN-c91cdd25,,2026-02-15T17:10:07.452604,2026-02-15T17:10:07.452604,,,False,2026-02-15T17:10:07.452604,2026-02-15T17:10:07.452604
ec30a56a-2120-43dd-8721-c84194a7d91d,24,1,119400,0,11940,119400,131340,,DN-ec30a56a,,2026-02-15T17:10:07.452604,2026-02-15T17:10:07.452604,,,False,2026-02-15T17:10:07.452604,2026-02-15T17:10:07.452604
30dca461-40d2-4fba-8aca-3b98b350e80f,32,1,28000,0,2800,28000,30800,,DN-30dca461,,2026-02-15T17:10:07.452604,2026-02-15T17:10:07.452604,,,False,2026-02-15T17:10:07.452604,2026-02-15T17:10:07.452604
d30bce15-665b-4fd7-bed0-80006b5eb70b,19,1,0,0,0,0,0,,DN-d30bce15,,2026-02-15T17:10:07.452604,2026-02-15T17:10:07.452604,,,False,2026-02-15T17:10:07.452604,2026-02-15T17:10:07.452604
f2bce189-440a-4a10-942a-0ee9403a5484,32,1,10000,0,1000,10000,11000,,DN-f2bce189,,2026-02-15T17:10:07.452604,2026-02-15T17:10:07.452604,,,False,2026-02-15T17:10:07.452604,2026-02-15T17:10:07.452604
90e28715-c63f-4cd0-8154-08a9de68ae5e,31,1,51000,0,5100,51000,56100,,DN-90e28715,,2026-02-15T17:10:07.452604,2026-02-15T17:10:07.452604,,,False,2026-02-15T17:10:07.452604,2026-02-15T17:10:07.452604
3f64a222-204f-418e-9658-bb07a754579d,25,1,90300,0,9030,90300,99330,,DN-3f64a222,,2026-02-15T17:10:07.452604,2026-02-15T17:10:07.452604,,,False,2026-02-15T17:10:07.452604,2026-02-15T17:10:07.452604
deca21be-37a5-4d55-8bf2-a2e3d8d6acd6,1,1,431500,0,43150,431500,474650,,DN-deca21be,,2026-02-15T17:10:07.452604,2026-02-15T17:10:07.452604,,,False,2026-02-15T17:10:07.452604,2026-02-15T17:10:07.452604
42ca24ca-beba-4591-9972-78ea18e8a577,32,1,63100,0,6310,63100,69410,,DN-42ca24ca,,2026-02-15T17:10:07.452604,2026-02-15T17:10:07.452604,,,False,2026-02-15T17:10:07.452604,2026-02-15T17:10:07.452604
187f068d-6931-4dfe-b474-c79f371eee4a,34,1,30400,0,3040,30400,33440,,DN-187f068d,,2026-02-15T17:10:07.452604,2026-02-15T17:10:07.452604,,,False,2026-02-15T17:10:07.452604,2026-02-15T17:10:07.452604
3004456a-f107-444b-aaec-988407b8e30f,32,1,2500,0,250,2500,2750,,DN-3004456a,,2026-02-15T17:10:07.452604,2026-02-15T17:10:07.452604,,,False,2026-02-15T17:10:07.452604,2026-02-15T17:10:07.452604
436c0746-5787-40ae-a78c-50b5c8cb25d7,32,1,49200,0,4920,49200,54120,,DN-436c0746,,2026-02-15T17:10:07.452604,2026-02-15T17:10:07.452604,,,False,2026-02-15T17:10:07.452604,2026-02-15T17:10:07.452604
7796da1d-0aa5-4a1c-917a-6b123bf230c2,22,1,6000,0,600,6000,6600,,DN-7796da1d,,2026-02-15T17:10:07.452604,2026-02-15T17:10:07.452604,,,False,2026-02-15T17:10:07.452604,2026-02-15T17:10:07.452604
0e63f709-ebca-45ee-a7b4-c9a45c2ce3bd,22,1,14500,0,1450,14500,15950,,DN-0e63f709,,2026-02-15T17:10:07.452604,2026-02-15T17:10:07.452604,,,False,2026-02-15T17:10:07.452604,2026-02-15T17:10:07.452604
653415d3-221f-4615-9b91-b3439125316a,29,1,42200,0,4220,42200,46420,,DN-653415d3,,2026-02-15T17:10:07.452604,2026-02-15T17:10:07.452604,,,False,2026-02-15T17:10:07.452604,2026-02-15T17:10:07.452604
eadbb1ec-30a0-4b2f-ad3b-02e6adc75dfa,25,1,16000,0,1600,16000,17600,,DN-eadbb1ec,,2026-02-15T17:10:07.452604,2026-02-15T17:10:07.452604,,,False,2026-02-15T17:10:07.452604,2026-02-15T17:10:07.452604
96205560-428b-4d82-9459-c0124e90d02a,11,1,42100,0,4210,42100,46310,,DN-96205560,,2026-02-15T17:10:07.452604,2026-02-15T17:10:07.452604,,,False,2026-02-15T17:10:07.452604,2026-02-15T17:10:07.452604
12893a9a-2c40-5b4c-97fc-588ddb789418,24,1,33500,0,3350,33500,36850,,DN-12893a9a,,2026-02-15T17:10:07.452604,2026-02-15T17:10:07.452604,,,False,2026-02-15T17:10:07.452604,2026-02-15T17:10:07.452604
2ebe597b-3f9c-5327-8ecd-4010b136ddcb,2,1,39000,0,3900,39000,42900,,DN-2ebe597b,,2026-02-15T17:10:07.452604,2026-02-15T17:10:07.452604,,,False,2026-02-15T17:10:07.452604,2026-02-15T17:10:07.452604
116a9eb0-b50a-461f-9ead-0342e0796a89,7,1,231800,0,23180,231800,254980,,DN-116a9eb0,,2026-02-15T17:10:07.452604,2026-02-15T17:10:07.452604,,,False,2026-02-15T17:10:07.452604,2026-02-15T17:10:07.452604
eeb44752-e771-4cad-bc8a-deee366ffb4a,7,1,92900,0,9290,92900,102190,,DN-eeb44752,,2026-02-15T17:10:07.452604,2026-02-15T17:10:07.452604,,,False,2026-02-15T17:10:07.452604,2026-02-15T17:10:07.452604
50ecaf39-e564-49f9-91ec-9dafbc7369c9,7,1,121200,0,12120,121200,133320,,DN-50ecaf39,,2026-02-15T17:10:07.452604,2026-02-15T17:10:07.452604,,,False,2026-02-15T17:10:07.452604,2026-02-15T17:10:07.452604
a7f5c110-69e9-483c-bc12-505127abc816,7,1,226800,0,22680,226800,249480,,DN-a7f5c110,,2026-02-15T17:10:07.452604,2026-02-15T17:10:07.452604,,,False,2026-02-15T17:10:07.452604,2026-02-15T17:10:07.452604
7b9c4bde-d542-4b4f-bd76-3b37fed4f9f9,12,1,101000,0,10100,101000,111100,,DN-7b9c4bde,,2026-02-15T17:10:07.452604,2026-02-15T17:10:07.452604,,,False,2026-02-15T17:10:07.452604,2026-02-15T17:10:07.452604
7a8e1359-6bb8-5960-b597-69e4947c78a3,33,1,17500,0,1750,17500,19250,,DN-7a8e1359,,2026-02-15T17:10:07.452604,2026-02-15T17:10:07.452604,,,False,2026-02-15T17:10:07.452604,2026-02-15T17:10:07.452604
bbcdc533-f986-4418-add5-6c4c2c2b2edb,7,1,121200,0,12120,121200,133320,,DN-bbcdc533,,2026-02-15T17:10:07.452604,2026-02-15T17:10:07.452604,,,False,2026-02-15T17:10:07.452604,2026-02-15T17:10:07.452604
